id,name,symbol
1,Bitcoin,BTC
2,Ethereum,ETH
3,XRP,XRP
4,Litecoin,LTC
5,Bitcoin Cash,BCH
6,Binance Coin,BNB
7,Tether,USDT
8,EOS,EOS
9,Bitcoin SV,BSV
10,Stellar,XLM
11,Cardano,ADA
12,TRON,TRX
13,Monero,XMR
14,UNUS SED LEO,LEO
15,Dash,DASH
16,NEO,NEO
17,IOTA,MIOTA
18,Chainlink,LINK
19,Cosmos,ATOM
20,Tezos,XTZ
21,Ethereum Classic,ETC
22,NEM,XEM
23,Maker,MKR
24,Ontology,ONT
25,Crypto.com Chain,CRO
26,Zcash,ZEC
27,V Systems,VSYS
28,USD Coin,USDC
29,Dogecoin,DOGE
30,Bitcoin Gold,BTG
31,Basic Attention Token,BAT
32,VeChain Thor,VET
33,Egretia,EGT
34,Qtum,QTUM
35,Decred,DCR
36,Huobi Token,HT
37,HedgeTrade,HEDG
38,OMG Network,OMG
39,TrueUSD,TUSD
40,Paxos Standard,PAX
41,Ravencoin,RVN
42,Nano,NANO
43,Lisk,LSK
44,BitTorrent,BTT
45,Bitcoin Diamond,BCD
46,Holo,HOT
47,KuCoin Shares,KCS
48,Waves,WAVES
49,0x,ZRX
50,Pundi X,NPXS
51,Augur,REP
52,ICON,ICX
53,DigiByte,DGB
54,MonaCoin,MONA
55,Komodo,KMD
56,HyperCash,HC
57,BitShares,BTS
58,Aurora,AOA
59,IOStoken,IOST
60,Bytecoin,BCN
61,Bytom,BTM
62,Lambda,LAMB
63,Siacoin,SC
64,Theta Token,THETA
65,EDUCare,EKT
66,Insight Chain,INB
67,Nash Exchange,NEX
68,Mixin,XIN
69,Energi,NRG
70,Quant,QNT
71,Zilliqa,ZIL
72,Verge,XVG
73,GXChain,GXC
74,Aeternity,AE
75,Walton,WTC
76,REN,REN
77,Steem,STEEM
78,Dai,DAI
79,ABBC Coin,ABBC
80,NEXT,NET
81,Zcoin,XZC
82,Status,SNT
83,Crypto.com,MCO
84,Ardor,ARDR
85,Enjin Coin,ENJ
86,Golem,GNT
87,VestChain,VEST
88,MaidSafeCoin,MAID
89,aelf,ELF
90,Nexo,NEXO
91,SOLVE,SOLVE
92,U Network,UUU
93,Maximine,MXM
94,Clipper Coin Capital,CCCX
95,Japan Content Token,JCT
97,Metaverse ETP,ETP
98,XMAX,XMX
99,RIF Token,RIF
100,Stratis,STRAX
101,Project Pai,PAI
103,Horizen,ZEN
104,Fusion,FSN
105,Grin,GRIN
106,Function X,FX
107,Electroneum,ETN
108,Populous,PPT
109,Nebulas,NAS
110,Santiment Network Token,SAN
111,Dent,DENT
112,Elastos,ELA
113,Ecoreal Estate,ECOREAL
114,Decentraland,MANA
115,QASH,QASH
116,Loopring,LRC
117,Fantom,FTM
118,1irstcoin,FST
119,Ark,ARK
120,ODEM,ODE
121,Aion,AION
122,Factom,FCT
123,Orbs,ORBS
124,ReddCoin,RDD
125,Nuls,NULS
126,DigixDAO,DGD
127,Veritaseum,VERI
128,LAToken,LA
129,TomoChain,TOMO
130,EURS,EURS
131,Kyber Network,KNC
132,Enigma,ENG
133,Ignis,IGNIS
135,WaykiChain,WICC
136,Buggyra Coin Zero,BCZERO
137,Loom Network,LOOM
138,TrueChain,TRUE
139,CyberMiles,CMT
140,Synthetix Network Token,SNX
141,MOAC,MOAC
142,Power Ledger,POWR
143,Bancor,BNT
144,QuarkChain,QKC
145,Wanchain,WAN
146,Theta Fuel,TFUEL
147,Bibox Token,BIX
148,Celer Network,CELR
149,BEAM,BEAM
150,PIVX,PIVX
151,Newton,NEW
152,Harmony,ONE
153,AgaveCoin,AGVC
154,Hyperion,HYN
155,Arcblock,ABT
156,Apollo Coin,APL
157,Crypterium,CRPT
158,CRYPTO20,C20
159,Polygon,MATIC
160,Aragon,ANT
161,IoTeX,IOTX
162,Storj,STORJ
163,Digitex Futures,DGTX
164,Blockchain of Hash Power,BHP
165,Polymath,POLY
166,Telcoin,TEL
167,Bit-Z Token,BZ
169,Fetch,FET
170,Bread,BRD
172,PLATINCOIN,PLC
175,ContentBox,BOX
176,iExec RLC,RLC
177,Groestlcoin,GRS
179,ThunderCore,TT
180,Litex,LXT
181,Gas,GAS
182,Syscoin,SYS
183,Nxt,NXT
184,Metadium,META
185,Dragonchain,DRGN
186,TTC,TTC
187,IoT Chain,ITC
188,Cortex,CTXC
189,BnkToTheFuture,BFT
190,FunFair,FUN
191,botXcoin,BOTX
192,Skycoin,SKY
194,Civic,CVC
195,Obyte,GBYTE
196,Ultrain,UGAS
197,Gnosis,GNO
198,Eidoo,EDO
199,Mithril,MITH
200,Davinci Coin,DAC
201,Robotina,ROX
202,BitKan,KAN
203,Vertcoin,VTC
204,MediBlocX,MEDX
205,Metal,MTL
206,CasinoCoin,CSC
207,Seele,SEELE
208,TRONCLASSIC,TRXC
209,Content Value Network ,CVNT
210,TenX,PAY
211,High Performance Blockchain,HPB
212,Ether Zero,ETZ
213,Tierion,TNT
214,Nexus,NXS
215,Ankr,ANKR
216,BitCapitalVendor,BCV
217,RuffChain,RUFF
218,SingularityNET,AGI
219,DAPS Coin,DAPS
220,UTRUST,UTK
221,Einsteinium,EMC2
222,Dynamic Trading Rights,DTR
223,LTO Network,LTO
224,Particl,PART
225,Aladdin,ADN
226,NKN,NKN
227,FOAM Token,FOAM
228,Vitae,VITAE
229,Mainframe,MFT
230,Monolith,TKN
231,Quantum Resistant Ledger,QRL
232,Docademic,MTC
233,HYCON,HYC
234,Cindicator,CND
235,Clams,CLAM
236,Wixlar,WIX
237,Gifto,GTO
238,ILCoin,ILC
240,Plair,PLA
241,Own,CHX
242,Cred,LBA
243,REPO,REPO
244,Storm,STORM
245,Contents Protocol,CPT
247,Everipedia,IQ
248,Internet Node Token,INT
249,Origo,OGO
250,#MetaHash,MHC
251,CommerceBlock,CBT
252,Top Network,TOP
253,Aergo,AERGO
254,DxChain,DX
255,IRIS Network,IRIS
256,Odyssey,OCN
257,Achain,ACT
259,Moeda Loyalty Points,MDA
260,IDEX,IDEX
261,Neblio,NEBL
263,Everex,EVX
264,APIS,APIS
265,Kin,KIN
266,SALT,SALT
267,Cosmo Coin,COSM
268,Voyager Token,VGX
269,Envion,EVN
270,Dentacoin,DCN
271,Bitrue Coin,BTR
272,Incent,INCNT
273,Raiden Network Token,RDN
274,VITE,VITE
275,Wagerr,WGR
276,Tripio,TRIO
277,Dusk Network,DUSK
278,Cajutel,CAJ
279,Reserve Rights,RSR
280,Pillar,PLR
281,EDC Blockchain,EDC
283,Blocknet,BLOCK
284,Burst,BURST
285,Spectre.ai Dividend Token,SXDT
286,Peercoin,PPC
287,Aeon,AEON
288,Lightning Bitcoin,LBTC
289,Time New Bank,TNB
290,IntelliShare,INE
291,PumaPay,PMA
292,Pirate Chain,ARRR
293,PRIZM,PZM
295,Matrix AI Network,MAN
296,Po.et,POE
297,TERA,TERA
298,Flux,FLUX
299,AdEx,ADX
300,Thekey,TKY
301,OTOCASH,OTO
302,TokenClub,TCT
303,FirstBlood,1ST
304,Quanta Network Utility Token,QNTU
305,Request Network,REQ
306,Ripio Credit Network,RCN
307,GoChain,GO
308,Hydro,HYDRO
309,B2BX,B2B
310,Streamr DATAcoin,DATA
311,Mossland,MOC
312,TokenPay,TPAY
313,Simple Token,OST
314,VeriBlock,VBK
315,Nucleus Vision,NCASH
316,Blox,CDT
317,Quantstamp,QSP
318,Mindexcoin,MIC
319,DeepBrain Wallet,DBC
320,Diamond Platform Token,DPT
321,DATA,DTA
322,Namecoin,NMC
323,Genesis Vision,GVT
324,Nav Coin,NAV
325,Aencoin,AEN
326,All Sports,SOC
327,OneRoot Network,RNT
328,SmartMesh,SMT
329,Everus,EVR
330,Bluzelle,BLZ
331,BitNewChain,BTN
332,XTRABYTES,XBY
333,OXEN,OXEN
334,Endor,EDR
335,WhiteCoin,XWC
337,bitCNY,BITCNY
338,Credits,CS
339,Cube,AUTO
340,Tael,WABI
341,PepeCash,PEPECASH
342,MovieBloc,MBL
343,Zipper,ZIP
344,SmartCash,SMART
345,Metronome,MET
346,ZrCoin,ZRC
347,Stakenet,XSN
348,Dero,DERO
349,Spectrecoin,XSPEC
350,Propy,PRO
351,Numeraire,NMR
352,Steem Backed Dollars,SBD
353,Kcash,KCASH
354,Viacoin,VIA
355,Cryptoworld.VIP,CWV
356,Edgeless,EDG
357,POPCHAIN,PCH
358,FlorinCoin,FLO
359,DMarket,DMT
360,Safex Token,SFT
361,QunQun,QUN
362,OAX,OAX
363,Noah Coin,NOAH
364,LockTrip,LOC
365,ABCC Token,AT
366,Gemini Dollar,GUSD
367,Invictus Hyperion Fund,IHF
368,Scry.info,DDD
369,BLOCKv,VEE
370,Sentinel,DVPN
371,SIRIN LABS Token,SRN
372,Morpheus Network,MRPH
373,Asch,XAS
374,MediBloc,MED
375,Content Neutrality Network,CNN
376,Refereum,RFR
377,Genaro Network,GNX
378,Game.com,GTC
380,BlueWhaleToken,BWX
381,S4FE,S4F
382,Metrix Coin,MRX
383,Universa Token,UTNP
384,Tokenomy,TEN
385,SwftCoin,SWFTC
386,MediShares,MDS
387,Litecoin Cash,LCC
388,SingularDTV,SNGLS
389,MultiVAC,MTV
390,Lympo,LYM
391,DigitalNote,XDN
392,Bitcore,BTX
393,Electra,ECA
394,Restart Energy MWAT,MWAT
395,Primas,PST
396,Enzyme,MLN
397,AirSwap,AST
398,Nectar,NEC
399,Smartlands,SLT
400,Red Pulse Phoenix,PHX
401,Selfkey,KEY
402,NIX,NIX
403,Spendcoin,SPND
404,district0x,DNT
405,Monetha,MTH
406,VIBE,VIBE
408,NaPoleonX,NPX
409,VIDT Datalink,VIDT
410,smARTOFGIVING,AOG
411,XYO,XYO
412,Sentinel Protocol,UPP
414,Traceability Chain,TAC
415,ParkinGo,GOT
416,Lendingblock,LND
417,Maecenas,ART
418,IHT Real Estate Protocol,IHT
419,Ternio,TERN
420,CPChain,CPC
421,Veil,VEIL
422,Swarm Fund Token,SWM
423,Agrello,DLT
424,Vexanium,VEX
425,Aeron,ARN
426,CyberVein,CVT
427,Tarush,TAS
428,Unikoin Gold,UKG
429,Viberate,VIB
430,Ubiq,UBQ
431,OriginTrail,TRAC
432,Esportbits,HLT
433,BOScoin,BOS
434,Aave (Old),LEND
435,CoinUs,CNUS
436,Divi,DIVI
438,YOYOW,YOYOW
439,Jibrel Network,JNT
440,QLC Chain,QLC
441,Constellation,DAG
442,NativeCoin,N8V
443,AppCoins,APPC
444,Ocean Protocol,OCEAN
445,Travala.com,AVA
446,POA Network,POA
447,Mercury,MER
448,STP Network,STPT
449,BlockMason Credit Protocol,BCPT
450,Gulden,NLG
451,Machine Exchange Coin,MXC
452,Skrumble,SKM
453,DADI,DADI
454,Plian,PI
455,Digix Gold Token,DGX
456,Smartshare,SSP
457,eosDAC,EOSDAC
458,VNT Chain,VNT
459,ProChain,PRA
460,CanonChain,CZR
461,Mass Vehicle Ledger,MVL
462,Sentivate,SNTVT
464,SONM,SNM
465,Global Social Chain,GSC
466,COTI,COTI
467,Morpheus Labs,MITX
468,Merculet,MVP
469,LBRY Credits,LBC
470,Hi Mutual Society,HMC
471,OVCODE,OVC
472,Trade Token X,TIOX
473,AMO Coin,AMO
474,BitBay,BAY
475,COVA,COVA
476,Polybius,PLBT
477,Lition,LIT
478,GameCredits,GAME
479,MobileGo,MGO
480,Mobius,MOBI
481,Bottos,BTO
482,Dock,DOCK
483,BOMB,BOMB
486,Fiii,FIII
487,The Abyss,ABYSS
488,Ambrosus,AMB
489,Shift,SHIFT
491,Pascal Coin,PASC
492,TurtleCoin,TRTL
493,Linkey,LKY
494,Qubitica,QBIT
495,Bezant,BZNT
498,Unobtanium,UNO2
499,BTU Protocol,BTU
500,PayPie,PPP
501,United Traders Token,UTT
502,bitUSD,BITUSD
503,Scroll,SCRL
504,SafeInsure,SINS
505,Stakecube,SCC
506,Bitcoiin,B2G
507,Emercoin,EMC
508,ZClassic,ZCL
509,TaaS,TAAS
510,BridgeCoin,BCO
514,Substratum,SUB
515,AdShares,ADS
516,DAOstack,GEN
517,Feathercoin,FTC
518,SDChain,SDA
519,Primalbase Token,PBT
520,BitTube,TUBE
521,Etherparty,FUEL
522,Nimiq,NIM
523,Airbloc,ABL
524,Sphere,SPHR
525,Blackmoon,BMC
526,FansTime,FTI
527,Loopring [NEO],LRN
528,Zeepin,ZPT
529,Presearch,PRE
531,Primecoin,XPM
532,HalalChain,HLC
533,Lunyr,LUN
534,StableUSD,USDS
535,Neumark,NEU
536,BlackCoin,BLK
537,Counterparty,XCP
538,Eterbase Coin,XBASE
539,Waves Community Token,WCT
540,adToken,ADT
541,DECENT,DCT
542,Kore,KORE
543,Measurable Data,MDT
544,Caspian,CSP
545,Amoveo,VEO
546,0chain,ZCN
550,BOLT Token,BOLT
551,SunContract,SNC
552,SwissBorg,CHSB
553,Callisto Network,CLO
554,Polis,POLIS
555,Aston,ATX
556,Apex,CPX
557,DeepOnion,ONION
558,BitGreen,BITG
559,PAC Protocol,PAC
560,Phore,PHR
561,Remme,REM
564,Rubycoin,RBY
565,Ecobit,ECOB
566,Legolas,LGO
567,Grid+,GRID
568,Cashaa,CAS
569,Beetle Coin,BEET
570,BaaSid,BAAS
571,Ink,INK
572,Online,OIO
573,Covesting,COV
574,Centrality,CENNZ
575,Optimal Shelf Availability Token,OSA
578,Nasdacoin,NSD
579,Breezecoin,BRZC
582,Wings,WINGS
583,BABB,BAX
584,SophiaTX,SPHTX
586,Timicoin,TMC
588,Modum,MOD2
589,Wowbit,WWB
590,Blockport,BPT
591,CloakCoin,CLOAK
592,Kambria,KAT
593,Cashbery Coin,CBC
595,TraDove B2BCoin,BBC
597,PlayCoin [ERC20],PLY
598,QChi,QCH
599,Blocktix,TIX
600,CrypticCoin,CRYP
601,DecentBet,DBET
603,Omnitude,ECOM
604,Moneytoken,IMT
605,PotCoin,POT
606,Xaurum,XAUR
607,Cobinhood,COB
608,Fortuna,FOTA
609,TE-FOOD,TFD
610,Gold Coin Reserve,GCR
612,Lamden,TAU
613,HTMLCOIN,HTML
614,Rotharium,RTH
615,SpankChain,SPANK
616,GINcoin,GIN
617,Storiqa,STQ
618,Quasarcoin,QAC
619,Sakura Bloom,SKB
621,UpToken,UP
622,ION,ION
623,Aurora DAO,AURA
624,ICE ROCK MINING,ROCK2
625,Delphy,DPY
626,SPINDLE,SPD
628,Rapids,RPD
630,Peerplays,PPY
631,KickToken,KICK
632,NAGA,NGC
634,PlayGame,PXG
635,EncrypGen,DNA
637,PolySwarm,NCT
638,MinexCoin,MNX
639,ATN,ATN
640,AVINOC,AVINOC
641,Peculium,PCL
642,Consensus,SEN
643,Eden,EDN
645,GET Protocol,GET
646,Elastic,XEL
647,NANJCOIN,NANJ
648,Zen Protocol,ZP
649,HempCoin,THC
650,StarCoin,KST
651,SpaceChain,SPC
652,RevolutionVR,RVR
653,Global Cryptocurrency,GCC
654,Graft,GRFT
655,CEEK VR,CEEK
656,ALQO,XLQ
657,DIMCOIN,DIM
659,DACSEE,DACS
660,Diamond,DMD
661,Ivy,IVY
662,Zebi,ZCO
663,Pal Network,PAL
664,Vipstar Coin,VIPS
665,Neurotoken,NTK
666,EBCoin,EBC
668,carVertical,CV
669,FuzeX,FXT
670,XinFin Network,XDC
671,VeriCoin,VRC
672,Validity,VAL
673,NoLimitCoin,NLC2
674,Noku,NOKU
675,Crown,CRW
676,Myriad,XMY
677,MonetaryUnit,MUE
678,Rise,RISE2
680,Semux,SEM
681,FTX Token,FTT
682,Friendz,FDZ
683,Unibright,UBT
684,Fluz Fluz,FLUZ
686,Liquidity Network,LQD
687,aXpire,AXPR
688,CargoX,CXO
689,Switcheo,SWTH
691,EDRCoin,EDRC
692,Ulord,UT
694,Gene Source Code Token,GENE
695,Ormeus Coin,ORME
698,RightMesh,RMESH
699,ChatCoin,CHAT
700,Haven Protocol,XHV
701,SIX,SIX
702,Humaniq,HMQ
705,Mount Olympus Token,MOT
706,LUXCoin,LUX
707,MIB Coin,MIB
708,Insureum,ISR
710,DAEX,DAX
711,Aidus Coin,AID
713,HOQU,HQX
714,Zeusshield,ZSC
715,RoBET,ROBET
718,ElectrifyAsia,ELEC
720,Zap Protocol,ZAP
721,YEE,YEE
722,Spectre U- Token,SXUT
723,DNotes,NOTE
724,Scorum Coins,SCR
725,BitMart Token,BMX
726,Decision Token,HST
727,EXRNchain,EXRN
728,FNKOS,FNKOS
729,Cardstack,CARD
730,Fountain,FTN
731,Dovu,DOV
732,Ubex,UBEX
733,Chrono.tech,TIME
734,Upfiring,UFR
736,Footballcoin,XFC
737,Phantasma,SOUL
738,NewYorkCoin,NYC
739,Databits,DTB
740,Gentarium,GTM
741,Welltrado,WTL
742,AI Doctor,AIDOC
743,Bloom,BLT
744,Curecoin,CURE
745,ugChain,UGC
747,Hashgard,GARD
749,iXledger,IXT
750,Banca,BANCA
751,HashCoin,HSC
752,Snetwork,SNET
753,FintruX Network,FTX
754,Soniq,SONIQ
755,Energycoin,ENRG
756,Matchpool,GUP
758,Invacio,INV
759,Medicalchain,MTN
760,EchoLink,EKO
761,SolarCoin,SLR
762,Gems,GEM
763,ToaCoin,TOA
764,FOX TRADING TOKEN,FOXT
765,MktCoin,MLM
766,KARMA,KARMA
768,Musicoin,MUSIC
769,Birake,BIR
770,ShipChain,SHIP
772,Bezop,BEZ
773,Pundi X NEM,NPXSXEM
774,NeuroChain,NCC
776,ZPER,ZPR
777,DomRaider,DRT
778,Flixxo,FLIXX
780,Kleros,PNK
781,ZMINE,ZMN
782,SelfSell,SSC
784,Crowd Machine,CMCT
785,Pirl,PIRL
786,Eligma Token,ELI
787,MidasProtocol,MAS
789,Insights Network,INSTAR
790,LocalCoinSwap,LCS
791,Patientory,PTOY
792,ValueCyberToken,VCT
793,OKCash,OK
794,Expanse,EXP2
795,TrustNote,TTT
796,indaHash,IDH
797,Tolar,TOL
798,Blockparty (BOXX Token),BOXX
799,BitSend,BSD
800,Sharder,SS
801,OneLedger,OLT
802,Effect.AI,EFX
803,Patron,PAT
804,Aventus,AVT
805,Trittium,TRTT
806,DAV Network,DAV
807,Swarm City,SWT
808,Novacoin,NVC
809,Privatix,PRIX
810,SIBCoin,SIB
811,Paypex,PAYX
812,Trinity Network Credit,TNC
813,InsurePal,IPL
814,Masari,MSR
816,Snovio,SNOV
817,Giant,GIC
818,Global Awards Token,GAT
819,Block Array,ARY
820,Lightpaycoin,LPC
821,Datawallet,DXT
822,LatiumX,LATX
825,Cappasity,CAPP
826,U.CASH,UCASH
827,Education Ecosystem,LEDU
828,Qbao,QBT
829,FLIP,FLP
830,Stacks,STX
831,STK,STK
832,Sentinel Chain,SENC
833,OWNDATA,OWN
834,ArtByte,ABY
835,LikeCoin,LIKE
837,Bee Token,BEE
838,DATx,DATX
839,HollyWoodCoin,HWC
840,Rate3,RTE
842,SHIELD,XSH
843,Truegame,TGAME
844,InterCrone,ICR
845,FLOGmall,MLC
846,Silent Notary,UBSN
847,Dynamic,DYN
848,Digital Asset Guarantee Token,DAGT
850,AirWire,WIRE
851,Experty,EXY
853,RED,RED
854,InterValue,INVE
855,TrueDeck,TDP
856,ExclusiveCoin,EXCL
857,ClearPoll,POLL
858,FoldingCoin,FLDC
859,Arbidex,ABX
860,DopeCoin,DOPE
861,Vetri,VLD
862,Autonio,NIOX
863,WABnetwork,WAB
864,DeviantCoin,DEV
865,Sequence,SEQ
866,ALIS,ALIS
868,Syndicate,SYNX
869,Lethean,LTHN
870,Thrive Token,THRT
871,PinkCoin,PINK
874,Utrum,OOT
875,SnowGem,XSG
876,Qwark,QWARK
877,Niobium Coin,NBC
878,Bounty0x,BNTY
879,BitcoinZ,BTCZ
880,DPRating,RATING
881,AiLink Token,ALI
882,eXPerience Chain,XPC
884,Blockpass,PASS
885,Debitum,DEB
886,OptiToken,OPTI
887,Shivom,OMX
888,VeriumReserve,VRM
891,Luna Stars,LSTR
892,OBITS,OBITS
893,Banyan Network,BBN
894,Howdoo,UDOO
895,CoinFi,COFI
896,HEROcoin,PLAY
897,Fire Lotto,FLOT
898,VULCANO,VULC
899,Coinsuper Ecosystem Network,CEN
900,Niobio Cash,NBR
902,Internet of People,IOP
905,Internxt,INXT
906,Rentberry,BERRY
907,CanYaCoin,CAN
908,CoinPoker,CHP
910,Uquid Coin,UQC
911,Faceter,FACE
912,adbank,ADB
913,IQeon,IQN
914,Acute Angle Cloud,AAC
916,Ryo Currency,RYO
917,Social Send,SEND
918,TransferCoin,TX
919,Formosa Financial,FMF
922,Repme,RPM
923,Bitcoin Incognito,XBI
924,0xBitcoin,0xBTC
925,BetterBetting,BETR
927,Mocrow,MCW
928,Arionum,ARO
929,MyBit,MYB
930,Veros,VRS
931,Nework,NKC
932,ZCore,ZCR
934,BitScreener Token,BITX
935,Uniform Fiscal Object,UFO
937,Kryll,KRL
938,Sprouts,SPRTS
939,Paymon,PMNT
940,FSBT API Token,FSBT
941,Eristica,ERT
942,Karbo,KRB
943,Devery,EVE
944,Nerva,XNV
945,GoByte,GBX
946,Payfair,PFR
947,Zero,ZER
948,GravityCoin,GXX
949,LogisCoin,LGS
950,CryCash,CRC
953,EUNO,EUNO
954,X-CASH,XCASH
955,NPER,NPER
956,SRCOIN,SRCOIN
957,1World,1WO
958,Atonomi,ATMI
959,PENG,PENG
960,BitRent,RNTB
961,HOLD,HOLD
962,EventChain,EVC
964,RefToken,REF
966,Graviocoin,GIO
967,Bettex Coin,BTXC
968,PeepCoin,PCN
969,NuBits,USNBT
970,Playkey,PKT
971,UChain,UCN
972,Pluton,PLU
973,Pareto Network,PARETO
974,HBZ coin,HBZ
976,HeroNode,HER
977,CannabisCoin,CANN
978,Coin Lion,LION
979,Maverick Chain,MVC
981,JET8,J8T
984,The ChampCoin,TCC
985,MODEL-X-coin,MODX
986,BitNautic Token,BTNT
987,Zilla,ZLA
988,ERC20,ERC20
989,QuadrantProtocol,EQUAD
990,Matryx,MTX
992,Profile Utility Token,PUT
995,MetaMorph,METM
996,Freyrchain,FREC
997,HeartBout,HB
998,BiblePay,BBP
999,Auxilium,AUX
1001,Sapien,SPN
1002,0xcert,ZXC
1003,eBitcoin,EBTC
1004,Auctus,AUC
1005,CryptoCarbon,CCRB
1006,SkinCoin,SKIN
1008,BlitzPredict,XBP
1009,CDMCOIN,CDM
1010,Relex,RLX
1011,Pylon Network,PYLNT
1012,Daneel,DAN
1013,Bobs Repair,BOB
1014,IONChain,IONC
1015,Magnet,MAG
1016,AdHive,ADH
1017,Starbase,STAR
1019,MedicCoin,MEDIC
1021,UltraNote Coin,XUN
1022,Naviaddress,NAVI
1023,Sumokoin,SUMO
1024,SyncFab,MFG
1026,Knoxstertoken,FKX
1027,Tigereum,TIG
1028,Apollon,XAP
1029,Zetacoin,ZET
1031,Kalkulus,KLKS
1032,Bela,BELA
1035,HyperQuant,HQT
1036,Blocklancer,LNC
1037,Ether-1,ETHO
1038,Bonpay,BON
1039,Elysian,ELY
1040,RealChain,RCT
1041,BlockMesh,BMH
1042,Dash Green,DASHG
1043,Origin Sport,ORS
1044,Coinlancer,CL
1045,Kolion,KLN
1046,LALA World,LALA
1047,XOVBank,XOV
1048,Iungo,ING
1049,Akroma,AKA
1051,Actinium,ACM
1052,Monkey Project,MONK
1053,Neutron,NTRN
1054,Kora Network Token,KNT
1056,CryptoFlow,CFL
1057,BoutsPro,BOUTS
1061,Advanced Integrated Blockchains,AIB
1062,DecentralizedML,DML
1064,EtherGem,EGEM
1065,No BS Crypto,NOBS
1066,Soma,SCT
1067,CYCLEAN,CCL
1068,Jetcoin,JET
1069,CFun,CFUN
1070,BitRewards,BIT
1071,ACE (TokenStars),ACE
1072,Aditus,ADI
1073,SkyHub Coin,SHB
1075,Canada eCoin,CDN
1076,Absolute,ABS
1077,EXMR FDN,EXMR
1078,Webcoin,WEB
1080,XMED Chain,XMCT
1081,EUNOMIA,ENTS
1082,BLOC.MONEY,BLOC
1083,Tokia,TKA
1084,Teloscoin,TELOS
1085,Skeincoin,SKC
1086,Suretly,SUR
1087,DogeCash,DOGEC
1088,CyberFM,CYFM
1089,SCRIV NETWORK,SCRIV
1090,Amon,AMN
1091,Bitcoin Zero,BZX
1092,TENA,TENA
1093,Bigbom,BBO
1094,Pigeoncoin,PGN
1095,Italian Lira,ITL
1096,CoinToGo,2GO
1097,Phonecoin,PHON
1098,EtherInc,ETI
1099,ShareX,SEXC
1100,APR Coin,APR
1101,CDX Network,CDX
1102,PAWS Fund,PAWS
1103,ZINC,ZINC
1104,SportyCo,SPF
1105,Impleum,IMPL
1106,DraftCoin,DFT
1107,Transcodium,TNS
1108,Gold Poker,GPKR
1112,Cazcoin,CAZ
1113,Aigang,AIX
1114,MicroMoney,AMM
1116,Level Up Coin,LUC
1117,Intelligent Trading Foundation,ITT
1118,TokenDesk,TDS
1119,Exosis,EXO
1121,KZ Cash,KZC
1122,Lobstex,LOBS
1123,DOWCOIN,DOW
1124,BriaCoin,BRIA
1125,Project Coin,PRJ
1126,Adzcoin,ADZ
1127,FUTURAX,FTXT
1128,XGOX,XGOX
1129,Bitcoin Turbo Koin,BTK
1130,Emphy,EPY
1133,Unify,UNIFY
1135,BunnyToken,BUNNY2
1136,4NEW,KWATT
1137,Liquid Regenerative Medicine Coin,LRM
1138,Crystal Token,CYL
1140,MMOCoin,MMO
1142,Datarius Credit,DTRC
1143,KWHCoin,KWH
1144,Provoco Token,VOCO
1145,Engagement Token,ENGT
1146,Herbalist Token,HERB
1147,PKG Token,PKG
1148,TravelNote,TVNT
1149,Typerium,TYPE
1152,ELTCOIN,ELTCOIN
1153,Fivebalance,FBN
1156,CyberMusic,CYMT
1157,Micromines,MICRO
1158,RouletteToken,RLT
1159,Xchange,XCG
1160,Rupaya,RUPX
1161,QUINADS,QUIN
1162,Olympic,OLMP
1166,Zenswap Network Token,ZNT
1167,IGToken,IG
1168,CatoCoin,CATO
1169,BitcoiNote,BTCN
1171,Waletoken,WTN
1172,GOSSIP-COIN,GOSS
1173,Peony,PNY
1174,Thore Cash,TCH
1175,ROIyal Coin,ROCO
1176,VikkyToken,VIKKY
1177,Decentralized Asset Trading Platform,DATP
1178,QYNO,QNO
1179,Neural Protocol,NRP
1180,Desire,DSR
1181,Havy,HAVY
1182,Digital Money Bits,DMB
1183,Mirai,MRI
1184,TEAM (TokenStars),TEAM
1185,BROTHER,BRAT
1186,Bionic,BNC
1187,Mincoin,MNC
1188,Dinero,DIN
1189,DeltaChain,DELTA
1190,Cryptrust,CTRT
1191,Joint Ventures,JOINT
1192,KUN,KUN
1193,Ether Kingdoms Token,IMP
1194,YoloCash,YLC
1195,SocialCoin,SOCC
1196,Abulaba,AAA
1197,Credo,CREDO
1198,DEW,DEW
1199,Lykke,LKK
1200,Flash,FLASH
1203,XcelToken,XCEL
1205,ColossusXT,COLX
1206,Bitcoin Interest,BCI
1207,Bismuth,BIS
1208,Proxeus,XES
1209,Winding Tree,LIF
1210,Nexty,NTY
1212,Change,CAG
1214,Pandacoin,PND
1216,XPA,XPA
1217,I/O Coin,IOC
1218,Hubii Network,HBT
1219,Dimecoin,DIME
1220,BitDice,CSNO
1221,DubaiCoin,DBIX
1223,GridCoin,GRC
1226,Espers,ESP
1227,Mysterium,MYST
1228,Xriba,XRA
1229,DAO.Casino,BET
1230,Gambit,GAM
1233,Solaris,XLR
1234,COPYTRACK,CPY
1235,AMLT,AMLT
1236,Leverj,LEV
1239,PikcioChain,PKC
1240,Motocoin,MOTO
1242,Vites,VITES
1243,Oxycoin,OXY
1244,Nebula AI,NBAI
1245,Hiveterminal Token,HVN
1246,Coinvest,COIN
1248,Pura,PURA
1249,Circuits of Value,COVAL
1250,Omni,OMNI
1251,Helium,HNT
1252,sUSD,SUSD
1253,BitCoen,BEN
1254,Rivetz,RVT
1256,EnergiToken,ETK
1257,Opus,OPT
1258,Credit Tag Chain,CTC
1259,PetroDollar,XPD
1261,Ifoods Chain,IFOOD
1262,BitDegree,BDG
1264,HiCoin,XHI
1266,Cryptopay,CPAY
1267,ALAX,ALX
1268,Anoncoin,ANC
1269,OracleChain,OCT
1270,New Power Coin,NPW
1271,MintCoin,MINT
1272,EncryptoTel [ETH],ETT
1273,savedroid,SVD
1275,X8X Token,X8X
1276,Tokes,TKS
1280,Ubcoin Market,UBC
1281,Eroscoin,ERO
1282,B3Coin,KB3
1283,Quark,QRK
1285,Maxcoin,MAX
1286,Sense,SENSE
1287,Kind Ads Token,KIND
1288,Breakout Stake,BRX
1289,Seal Network,SEAL
1290,iEthereum,IETH
1292,Ergo,EFYT
1293,2GIVE,2GIVE
1294,HEAT,HEAT
1295,Travelflex,TRF
1297,PAYCENT,PYN
1298,Ethersocial,ESN
1299,Dether,DTH
1300,Simmitri,SIM
1301,SounDAC,XSD
1302,Colu Local Network,CLN
1304,Lampix,PIX
1306,IDEX Membership,IDXM
1307,Breakout,BRK
1308,Manna,MANNA
1309,NeosCoin,NEOS
1310,PRASM,PSM
1311,Tie Token,TIE
1312,GoldMint,MNTP
1313,FedoraCoin,TIPS
1315,Bridge Protocol,TOLL
1316,sETH,SETH
1317,LiteDoge,LDOGE
1318,Rebellious,REBL
1319,Carboncoin,CARBON
1321,Auroracoin,AUR
1322,WeAreSatoshi,WSX
1323,Terracoin,TRC
1325,Narrative,NRVE
1326,FantasyGold,FGC
1327,BlueCoin,BLU
1328,FoodCoin,FOOD
1330,IP Exchange,IPSX
1331,Woodcoin,LOG
1332,Carboneum [C8] Token,C8
1333,Etheera,ETA
1334,Bullion,CBX
1335,BlockCAT,CAT
1336,Darcrus,DAR
1338,Indorse Token,IND
1339,TrezarCoin,TZC
1340,Adelphoi,ADL
1341,Equal,EQL
1342,CROAT,CROAT
1344,Shard,SHARD
1345,Noir,NOR
1346,Nexium,NXC
1347,PWR Coin,PWR
1348,Shadow Token,SHDW
1350,Verify,CRED
1352,HelloGold,HGT
1353,eBoost,EBST
1354,bitqy,BQ
1355,BuzzCoin,BUZZ
1356,Digital Fantasy Sports,DFS
1358,Orbitcoin,ORB
1361,Bitzeny,ZNY
1362,Next.exchange,NEXT
1363,Ethbits,ETBS
1365,TeslaCoin,TES
1366,Cryptonite,XCN
1367,Zippie,ZIPT
1368,NuShares,NSR
1370,HyperStake,HYP
1371,Elixir,ELIX
1373,QubitCoin,Q2C
1374,Trollcoin,TROLL
1376,GCN Coin,GCN
1377,SmileyCoin,SMLY
1378,HunterCoin,HUC
1379,Piggycoin,PIGGY
1380,WandX,WAND
1381,Mithril Ore,MORE
1383,BioCoin,BIO
1384,TittieCoin,TIT
1385,NobleCoin,NOBL
1388,Kobocoin,KOBO
1389,ClearCoin,XCLR
1390,Puregold Token,PGT2
1391,FlypMe,FYP
1392,EquiTrader,EQT
1393,EverGreenCoin,EGC
1394,Cryptosolartech,CST
1395,MNPCoin,MNP
1396,Zeitcoin,ZEIT
1397,Commercium,CMM
1398,I0Coin,I0C
1399,Bitibu Coin,BTB
1401,AudioCoin,ADC
1402,Obsidian,ODN
1403,View,VIEW
1404,Argentum,ARG
1405,AquariusCoin,ARCO
1407,LOCIcoin,LOCI
1408,RussiaCoin,RC
1409,DigitalPrice,DP
1410,BCDiploma,BCDT
1412,Talao,TALAO
1413,Tracto,TRCT
1414,IncaKoin,NKA
1415,KekCoin,KEK
1417,SoMee.Social,ONG
1418,imbrex,REX
1420,DRP Utility,DRPU
1421,Universe,UNI3
1422,Bitcoin Scrypt,BTCS
1423,Ixcoin,IXC
1424,LanaCoin,LANA
1425,SHPING,SHPING
1427,Direct Insurance Token,DIT
1428,Forkcoin,FORK
1429,Signals Network,SGN
1430,Universal Currency,UNIT
1431,Vsync,VSX
1432,GenesisX,XGS
1433,Citadel,CTL
1435,Ethereum Meta,ETHM
1436,ForTube,FOR
1439,Freicoin,FRC
1441,PopularCoin,POP
1442,GlobalToken,GLT
1443,CrowdWiz,WIZ
1444,Quantis Network,QUAN
1445,Moin,MOIN
1446,Monoeci,XMCC
1447,Bitdeal,BDL
1449,NEVERDIE,NDC
1450,EtherSportz,ESZ
1452,Cream,CRM
1453,FundRequest,FND
1454,CREA,CREA
1456,Shekel,JEW
1461,Open Trading Network,OTN
1462,Truckcoin,TRK
1464,Phoenixcoin,PXC
1466,Chronologic,DAY
1467,Etheriya,RIYA
1469,FujiCoin,FJC
1470,BBSCoin,BBS
1471,Dinastycoin,DCY
1472,OP Coin,OPC
1475,Deutsche eMark,DEM
1477,Galactrum,ORE
1478,Bitradio,BRO
1479,Bulleon,BUL
1480,CryptoPing,PING
1482,Gapcoin,GAP
1483,BitStation,BSTN
1484,Condensate,RAIN
1485,Tidex Token,TDX
1486,AC3,AC3
1487,Opal,OPAL
1488,Newton Coin Project,NCP
1491,XDNA,XDNA
1494,TagCoin,TAG
1496,Megacoin,MEC
1497,BritCoin,BRIT
1498,Over Powered Coin,OPCX
1499,Joulecoin,XJO
1500,Evimeria,EVI
1501,Innova,INN
1502,ChessCoin,CHESS
1505,Ignition,IC
1506,Gravity,GZRO
1507,Ethereum Cash,ECASH
1509,Nyancoin,NYAN
1510,Bitcloud,BTDX
1511,KanadeCoin,KNDC
1512,HOdlcoin,HODL
1513,UltraCoin,UTC
1514,Billionaire Token,XBL
1517,iDealCash,DEAL
1518,Digitalcoin,DGC
1520,Nerves,NER
1522,Bata,BTA
1523,MASTERNET,MASH
1524,Unitus,UIS
1526,Fabric Token,FT
1527,MarteXcoin,MXT
1528,Azart,AZART
1529,Crowdholding,YUP
1533,Iridium,IRD
1537,Arion,ARION
1540,vSlice,VSL
1541,HUZU,HUZU
1542,ArbitrageCT,ARCT
1543,Compound,COMP
1544,Bitcoin Fast,BCF
1545,Social Activity Token,SAT
1546,AdCoin,ACC
1547,Numus,NMS
1549,Triangles,TRI
1550,Swing,SWING
1551,ZoZoCoin,ZZC
1552,Blakecoin,BLC
1553,bitcoin2network,B2N
1554,Bolivarcoin,BOLI
1556,InsaneCoin,INSN
1557,Cashcoin,CASH
1559,Jury.Online Token,JOT
1563,Golfcoin,GOLF
1565,Bitcoin Red,BTCRED
1570,Helleniccoin,HNC
1571,Version,V
1573,Crystal Clear,CCT
1575,SixEleven,611
1576,Crave,CRAVE
1578,ProCurrency,PROC
1579,ICO OpenLedger,ICOO
1580,TEKcoin,TEK
1582,GoldBlocks,GB
1583,Darsek,KED
1584,Viuly,VIU
1586,AdultChain,XXX
1587,Arepacoin,AREPA
1589,Digiwage,WAGE
1591,Bitcoin Adult,BTAD
1592,SuperCoin,SUPER
1594,Ccore,CCO
1595,Bitsum,BSM
1596,SteepCoin,STEEP
1597,Block-Chain.com,BC
1600,iTicoin,ITI
1601,VoteCoin,VOT
1602,Aricoin,ARI
1604,Ethereum Gold,ETG
1607,Quatloo,QTL
1608,Litecoin Plus,LCP
1609,Musiconomi,MCI
1612,BlastScrypt,BLAST2
1613,Garlicoin,GRLC
1616,Bitcoin W Spectrum,BWS
1617,Thunderstake,TSC
1618,CoinO,CNO
1619,SONDER,SNR
1620,Dragonglass,DGS
1622,Italo,XTA
1623,RPICoin,RPI
1624,Emerald Crypto,EMD
1626,Posscoin,POSS
1627,Pure,PUREX
1629,Jin Coin,JIN
1630,SmartCoin,SMC
1632,Centurion,CNT2
1633,Sparks,SPK
1634,Coin2.1,C2
1636,Renos,RNS
1638,Evil Coin,EVIL
1639,Zealium,NZL
1641,BERNcash,BERN
1642,ZeusNetwork,ZEUS
1643,Atheios,ATH
1644,Secret,SCRT
1648,Help The Homeless Coin,HTH
1650,PyrexCoin,PYX
1651,Pakcoin,PAK
1654,Zoomba,ZBA
1655,EZOOW,EZW
1656,Mainstream For The Underground,MFTU
1660,Dystem,DTEM
1661,EagleX,EGX
1662,Printex,PRTX
1663,Dreamcoin,DRM
1664,BZLCOIN,BZL
1666,Grimcoin,GRIM
1667,EthBet,EBET
1669,PluraCoin,PLURA
1670,PRiVCY,PRIV
1671,Escroco Emerald,ESCE
1672,BoostCoin,BOST
1673,GeyserCoin,GSR
1674,Datacoin,DTC
1676,8Bit,8BIT
1677,Master Swiscoin,MSCN
1679,YENTEN,YTN
1681,BOAT,BOAT
1683,AmsterdamCoin,AMS
1685,X-Coin,XCO
1686,Shivers,SHVR
1687,Carebit,CARE
1690,IrishCoin,IRL
1691,Quebecoin,QBC
1692,NevaCoin,NEVA
1693,Qbic,QBIC
1694,MojoCoin,MOJO
1695,Eryllium,ERY
1697,SpeedCash,SCS
1699,INDINODE,XIND
1700,TajCoin,TAJ
1701,PostCoin,POST
1702,Elysium,ELS
1703,Neuro,NRO
1704,JavaScript Token,JS
1711,iBTC,IBTC
1712,Flamingo Finance,FLM
1713,ParallelCoin,DUO
1718,Mchain,MAR
1720,Archetypal Network,ACTP
1721,SecureCoin,SRC
1722,GambleCoin,GMCN
1723,Nekonium,NUKO
1725,Acoin,ACOIN
1727,BrokerNekoNetwork,BNN
1729,Kronecoin,KRONE
1730,Californium,CF
1732,Ourcoin,OUR
1733,Nyerium,NYEX
1734,MustangCoin,MST
1735,UralsCoin,URALS
1736,Dalecoin,DALC
1737,FLiK,FLIK
1738,Phantomx,PNX
1741,Bitspace,BSX
1742,WhaleRoom,WHL
1743,BumbaCoin,BUMBA
1745,FuzzBalls,FUZZ
1748,Ormeus Ecosystem,ECO
1750,Fintab,FNTB
1751,Virtacoin,VTA
1752,PonziCoin,PONZI
1753,PoSToken,POS
1754,Coalculus,COAL
1755,C-Bit,XCT
1756,Rhenium,XRH
1757,Iconic,ICON
1759,iBank,IBANK
1760,BitCoin One,BTCONE
1761,LiteCoin Ultra,LTCU
1765,Ragnarok,RAGNA
1766,SongCoin,SONG
1768,HomeBlockCoin,HBC
1772,Staker,STR
1773,Prime-XI,PXI
1775,Veltor,VLT
1776,Alpha Coin,APC
1779,AnarchistsPrime,ACP
1780,Wild Beast Block,WBB
1781,CrevaCoin,CREVA
1782,Bitvolt,VOLT
1783,GeertCoin,GEERT
1785,SmartFox,FOX2
1786,Coimatic 2.0,CTIC2
1790,Terra,LUNA
1792,VapersCoin,VPRC
1794,CoinonatX,XCXT
1795,Project-X,NANOX
1796,Dollar Online,DOLLAR
1802,Benz,BENZ
1806,Bolenum,BLN
1807,POLY AI,AI
1809,CK USD,CKUSD
1810,ZB,ZB
1812,BUMO,BU
1813,Filecoin,FIL
1815,RSK Smart Bitcoin,RBTC
1817,BeeKan,BKBT
1818,BitMax Token,BTMX
1819,EduCoin,EDU
1820,DIPNET,DPN
1821,WETH,WETH
1823,Game Stars,GST
1824,Volt,ACDC
1827,FuturoCoin,FTO
1828,ShineChain,SHE
1829,SDUSD,SDUSD
1830,Consentium,CSM
1831,Atlas Protocol,ATP
1832,Huobi Pool Token,HPT
1833,Molecular Future,MOF
1834,DACC,DACC
1837,WeToken,WT
1838,OFCOIN,OF
1839,Cloudbric,CLB
1840,Karatgold Coin,KBC
1842,FOIN,FOIN
1844,T.OS,TOSC
1845,Snapparazzi,SNPC
1847,LightChain,LIGHT
1848,CoinMeet,MEET
1849,StarChain,STC
1850,InsurChain,INSUR
1851,Twinkle,TKT
1852,PalletOne,PTN
1853,nOS,NOS
1854,ETERNAL TOKEN,XET
1855,TopChain,TOPC
1856,Yuan Chain,YCC
1857,YOU COIN,YOU
1858,Baer Chain,BRC
1859,UnlimitedIP,UIP
1860,Esports Token,EST
1861,YouLive Coin,UC
1863,Exchange Union,XUC
1865,Wiki Token,WIKI
1866,Influence Chain,INC
1867,VeThor Token,VTHO
1868,ADAMANT Messenger,ADM
1869,WXCOINS,WXC
1870,United Bitcoin,UBTC
1871,Observer,OBSR
1872,Moving Cloud Coin,MCC
1873,Intelligent Investment Chain,IIC
1874,Usechain,USE
1875,Ti-Value,TV
1876,Aidos Kuneen,ADK
1877,OceanChain,OC
1879,CariNet,CIT
1880,Alchemint Standards,SDS
1881,BitUP Token,BUT
1882,GSENetwork,GSE
1883,LemoChain,LEMO
1884,Master Contract Token,MCT
1886,CoinEx Token,CET
1888,PromotionChain,PC
1890,InternationalCryptoX,INCX
1892,Ubique Chain Of Things,UCT
1893,Countinghouse,CHT
1894,Kuai Token,KT
1895,Winco,WCO
1897,Blockchain Quotations Index Token,BQT
1899,Hdac,HDAC
1900,Infinitecoin,IFC
1901,DasCoin,DASC
1903,M2O,M2O
1904,SEER,SEER
1906,GazeCoin,GZE
1907,Couchain,COU
1908,VeriDocGlobal,VDG
1910,ThingsOperatingSystem,TOS
1911,SWTC,SWTC
1912,livepeer,LPT
1913,X12 Coin,X12
1914,CENTERCOIN,CENT
1915,Hercules,HERC
1916,MESSE TOKEN,MESSE
1918,InvestDigital,IDT
1920,The Midas Touch Gold,TMTG
1921,Iconiq Lab Token,ICNQ
1922,Dragon Coins,DRG
1923,MediBit,MEDIBIT
1925,Asura Coin,ASA
1926,BlockCDN,BCDN
1927,ProxyNode,PRX
1928,KingXChain,KXC
1929,Monero Classic,XMC
1930,Celsius,CEL
1931,Ordocoin,RDC
1932,SIGMAcoin,SIGMA
1933,DEEX,DEEX
1934,COMSA [XEM],CMS
1935,OTCBTC Token,OTB
1936,Gamblica,GMBC
1937,Bankera,BNK
1938,vSportCoin,VSC
1939,DarkPayCoin,DKPC
1940,Wrapped Bitcoin,WBTC
1941,Stronghold Token,SHX
1942,INMAX,INX
1943,Skychain,SKCH
1944,Commerce Data Connection,CDC
1946,CMITCOIN,CMIT
1947,eosBLACK,BLACK
1948,Future1coin,F1C
1949,Globalvillage Ecosystem,GVE
1951,Qube,QUBE
1955,Engine,EGCC
1957,Plus Coin,NPLC
1958,YUKI,YUKI
1959,Elliot Coin,ELLI
1960,Carlive Chain,IOV2
1962,StrongHands Masternode,SHMN
1963,Lendroid Support Token,LST
1965,SpectrumCash,XSM
1966,SuperEdge,ECT
1967,WINCOIN,WC
1970,Haracoin,HRC
1971,Valuto,VLU
1972,Pabyosi Coin (Special),PCS
1973,President Johnson,GARY2
1974,Cobrabytes,COBRA
1976,Incodium,INCO
1977,PayDay Coin,PDX
1981,Coin2Play,C2P
1982,Hyper Pay,HPY
1983,CEDEX Token,CEDEX
1984,OBXcoin,OBX
1986,Mooncoin,MOON
1987,Almeela,KZE
1989,MEX,MEX
1991,Robonomics Network,XRT
1993,MobilinkToken,MOLK
1994,BTC Lite,BTCL
1995,Pecunio,PCO
1996,Superior Coin,SUP
1997,TerraNova,TER
1998,EscrowCoin,ESCO
1999,Budbo,BUBO
2000,Civitas,CIV
2001,ANON,ANON
2002,WIZBL,WBL
2003,PlusOneCoin,PLUS1
2004,Curve DAO Token,CRV
2005,MicroBitcoin,MBC
2008,Crypto Improvement Fund,CIF
2009,Buddy,BUD
2011,Atomic Wallet Coin,AWC
2013,Carry,CRE
2014,IDOL COIN,IDOL
2015,Quotient,XQN
2016,SaveNode,SNO
2017,ShopZcoin,SZC
2018,XTRD,XTRD
2019,Crypto Harbor Exchange,CHE
2020,OmenCoin,OMEN
2021,Labh Coin,LABH
2025,NEO GOLD,NEOG
2027,Excaliburcoin,EXC
2028,EmberCoin,EMB
2029,Bastonet,BSN
2030,Hybrid Block,HYB
2031,GOLD Reward Token,GRX
2032,WINk,WIN
2033,Wi Coin,WIC
2034,Pandemia,PNDM
2035,EmaratCoin,AEC
2036,HondaisCoin,HNDC
2037,Endorsit,EDS
2038,Ultra Salescloud,UST2
2040,Bitbase,BTBcIGNORE
2042,PROUD Money,PROUD
2044,Helper Search Token,HSN
2045,Mero,MERO
2046,CottonCoin,COTN
2049,EA Coin,EAG
2050,Infinipay,IFP
2056,Tellurion,TELL
2057,DynamicCoin,DMC
2059,ZenGold,ZENGOLD
2060,Minex,MINEX
2061,iQuant,IQT
2062,Dutch Coin,DUTCH
2063,Ethereum Lite,ELITE
2064,BTCMoon,BTCM
2066,Bitcoin God,GOD
2067,ValueChain,VLC
2068,SalPay,SAL
2070,Rocket Pool,RPL
2071,Wysker Token,WYS
2075,Obitan Chain,OBTC
2077,Alttex,ALTX
2079,Digital Asset Exchange Token,DAXT
2082,GIGA,XG
2083,Agrolot,AGLT
2085,Dragon Token,DT
2086,CapdaxToken,XCD
2087,Delizia,DELIZ
2089,APOT,APOT
2090,Bgogo Token,BGG
2091,ROMToken,ROM
2092,TOKOK,TOK
2093,ALBOS,ALB
2094,Animecoin,ANI
2102,Academy Token,ACAD
2104,Social Lending Token,SL
2106,Proelio,PEO
2108,Algorand,ALGO
2109,Oasis City,OSC
2110,Silverway,SLV
2111,Flexacoin,FXC
2112,Beldex,BDX
2113,OKEx Utility Token,OKB
2114,Bitforex Token,BF
2115,BitCanna,BCNA
2116,Coindeal Token,CDL
2117,BlockTV Token,BLTV
2119,OceanEx Token,OCE
2120,Mcashchain,MCASH
2121,Swipe,SXP
2122,Gatechain Token,GT
2123,Chiliz,CHZ
2124,USDK,USDK
2125,Zenon,ZNN
2126,Jex Token,JEX
2127,Chimpion,BNANA
2128,Elrond,EGLD
2129,Tratok,TRAT
2130,Wirex,WXT
2131,COCOS BCX,COCOS
2132,BOSAGORA,BOA
2133,Contentos,COS
2134,The Universal Settlement Coin,TUSC
2136,Hedera Hashgraph,HBAR
2137,Handshake,HNS
2138,Orchid Protocol,OXT
2139,Perlin,PERL
2140,WazirX,WRX
2141,Tether Gold,XAUT
2142,Emanate,EMT
2143,Kava,KAVA
2144,Origin Protocol,OGN
2145,LINKA,LINKA
2147,Zano,ZANO
2148,GoWithMi,GMAT
2149,DigitalBits,XDB
2150,CNNS,CNNS
2151,Band Protocol,BAND
2152,EOSDT,EOSDT
2153,Troy,TROY
2154,Bitcoin Rhodium,XRC
2155,Akropolis,AKRO
2156,VERAsity,VRA
2157,Verus Coin,VRSC
2158,Chromia,CHR
2159,Sport and Leisure,SNL
2160,Roobee Platform,ROOBEE
2161,STREAMIT COIN,STREAMIT
2162,UltrAlpha,UAT
2163,Axe,AXE
2164,Ycash,Ycash
2165,BetProtocol,BEPRO
2166,Pivot Token,PVT
2167,PlatonCoin,PLTC
2168,Oduwa Coin,OWC
2169,Syntropy,NOIA
2170,Newscrypto Coin,NWC
2171,VegaWallet Token,VGW
2172,Jobchain,JOB
2173,Banano,BAN
2174,SINOVATE,SIN
2175,Midas,MIDAS
2176,Nyzo,NYZO
2179,Tokenize Xchange,TKX
2180,Compound Ether,CETH
2181,Tether CNH,CNHT
2182,AXEL,AXEL
2183,Single Collateral DAI,SAI
2184,WOM Token,WOM
2185,BTSE Token,BTSE
2186,Rupiah Token,IDRT
2187,FLEX Coin,FLEX
2188,PegNet,PEG
2189,qiibee,QBX
2190,Unification,UND
2191,BlakeBitcoin,BBTC
2192,SafeCapital,SCAP
2193,FIX Network,FIX
2194,C3 Wallet,C3W
2195,Pibble,PIB
2196,TouchCon,TOC
2197,BITTO,BITTO
2198,Earthcoin,EAC
2199,NPCoin,NPC
2200,Charg Coin,CHG
2201,Safe Haven,SHA
2202,Enecuum,ENQ
2203,Merebel,MERI
2204,Bitbase,BTBC
2205,HEX,HEX
2206,Ferrum Network Token,FRM
2207,Swap,XWP
2208,Energy Web Token,EWT
2209,LCX,LCX
2210,Bilira,TRYB
2211,DeVault,DVT
2212,MimbleWimbleCoin,MWC
2213,Sologenic,SOLO
2214,Qcash,QC
2215,DREP,DREP
2216,Cartesi,CTSI
2217,KardiaChain,KAI
2218,DMM Governance,DMG
2219,WAX Protocol Token,WAXP
2220,Ampleforth,AMPL
2221,SwiftCash,SWIFT
2222,Thorchain,RUNE
2223,Zenzo,ZNZ
2224,Global Crypto Alliance ,CALL
2229,xDAI Stake,STAKE
2230,GHOST by McAfee,GHOST
2231,Binance USD,BUSD
2232,Nervos Network,CKB
2234,TerraKRW,KRT
2235,DDKoin,DDK
2236,HXRO,HXRO
2237,Bitcoin 2,BTC2
2238,Ultra,UOS
2239,Kadena,KDA
2240,Privacy,PRV
2241,Jarvis Reward Token,JRT
2242,yearn.finance,YFI
2243,XIO,XIO
2244,Titan Coin,TTN
2245,XAYA,CHI
2246,ChainX,PCX
2247,Beaxy,BXY
2248,CoTrader,COT
2249,CUTCoin,CUT
2250,Asian Dragon,AD
2251,Aeryus,AER
2252,Binance GBP,BGBP
2253,Boom Token,BOOM
2254,Crypto Sports,CSPN
2255,Dapp.com,DAPPT
2256,ESBC,ESBC
2257,Switch,ESH
2258,Evedo,EVED
2259,EXRT,EXRT
2260,French Digital Reserve,FDR
2261,Flits,FLS
2262,Hotbit Token,HTB
2263,HUNT Token,HUNT
2264,ImageCoin,IMG
2265,Infinitus Token,INF
2266,Infinito,INFT
2267,Jupiter,JUP
2268,Klimatas,KTS
2269,Lukki Operating Token,LOT
2270,MalwareChain,MALW
2271,Membrana platform,MBN
2272,Meritcoins,MRC
2273,ngot,NGOT
2274,Note Blockchain,NTBC
2275,Parachute,PAR
2276,Portal,PORTAL
2277,Potentiam,PTM
2278,Qwertycoin,QWC
2279,RedFOX Labs,RFOX
2280,SafeCoin,SAFE
2281,ScPrime Coin,SCP
2282,SynchroLife,SYC
2283,TCASH,TCASH
2284,TOKPIE,TKP
2285,win.win,TWINS
2286,uPlexa,UPX
2287,Uranus,URAC
2288,Vodi X,VDX
2289,VeriSafe,VSF
2290,webdollar,WEBD
2291,Wownero,WOW
2292,ZcCoin,ZCC
2293,Compound Dai,CDAI
2294,NXM,NXM
2295,Compound USD Coin,CUSDC
2296,Velas,VLX
2297,PAX Gold,PAXG
2301,DOS Network,DOS
2318,DSLA Protocol,DSLA
2319,BELIEVER,BLVR
2322,Idena,iDNA
2323,Render Token,RNDR
2329,Valor Token,VALOR
2347,Wibcoin,WBBC
2368,Tellor,TRB
2369,Vectorspace AI,VXV
2382,X42 Protocol,X42
2390,Vidulum,VDL
2396,apM Coin,APM
2408,ARPA Chain,ARPA
2441,Tendies,TEND
2480,mStable,MTA
2481,Decentr,DEC
2489,HUSD,HUSD
2493,UMA,UMA
2497,bZx Protocol,BZRX
2500,MixMarvel,MIX
2517,DIAdata,DIA
2518,pNetwork,PNT
2533,DeFiPie,PIE
2534,DXdao,DXD
2543,DigiDinar,DDR
2545,Avalanche,AVAX
2550,Rarible,RARI
2558,StormX,STMX
2593,YF Link,YFL
2601,MYX Network,MYX
2617,GEEQ,GEEQ
2618,SUKU,SUKU
2624,STRONG,STRONG
2630,Aleph,ALEPH
2667,NEST Protocol,NEST
2668,Datamine,DAM
2674,Centric Cash,CNS
2681,LUKSO Token,LYXE
2685,DeFiChain,DFI
2687,Proton,XPR
2692,Trustswap,SWAP
2699,Balancer,BAL
2703,Swingby,SWINGBY
2727,BitCash,BITC
2753,MANTRA DAO,OM
2755,Hakka.Finance,HAKKA
2761,Trust Wallet Token,TWT
2762,Meter Governance mapped by Meter.io,EMTRG
2763,Serum,SRM
2766,Compound USDT,CUSDT
2770,Celo,CELO
2776,YAMv2,YAMV2
2780,Polkadot,DOT
2792,YFValue,YFV
2794,Fyooz,FYZ
2799,Dans Coin,DANCOIN
2817,Conflux Network,CFX
2818,Hive,HIVE
2819,JUST,JST
2820,Keep Network,KEEP
2822,Ultragate,ULG
2834,Innovative Bioresearch,INNBC
2844,Sylo,SYLO
2847,Sushi Swap,SUSHI
2848,Eight Hours,EHRT
2853,Orion Protocol,ORN
2855,GROWTH DeFi,GRO
2866,Vidya,VIDYA
2870,Burency,BUY
2877,DuckDAODime,DDIM
2886,dForce Token,DF
2899,Plutus DeFi,PLT
2900,Cream Finance,CREAM
2901,PowerPool Concentrated Voting Power,CVP
2906,renBTC,RENBTC
2908,FinNexus,FNX
2909,Falcon Token,FNT
2916,Oikos,OKS
2917,Shiba Inu,SHIB
2918,ShareToken,SHR
2921,Kusama,KSM
2922,Darwinia Network Native Token,RING
2924,Ergo,ERG
2945,Zeedex,ZDEX
2946,Unitrade,TRADE
2954,DFI.money,YFII
2956,DEXTools,DEXT
2961,Swerve,SWRV
2962,DistX,DISTX
2963,The Sandbox,SAND
2966,Swapfolio,SWFL
2969,Reserve,RSV
2974,Compound Basic Attention Token,CBAT
2980,Sapphire,SAPP
2985,Conceal,CCX
2986,Phala Network,PHA
2995,Super Zero,SERO
2996,MX Token,MX
3000,Sora,XOR
3002,Alchemy Pay,ACH
3005,MCDex,MCB
3006,Bella Protocol,BEL
3011,lien,LIEN
3012,Frontier,FRONT
3013,RMPL,RMPL
3016,DoYourTip,DYT
3017,DegenVC,DGVC
3018,Pickle Finance,PICKLE
3023,PhoenixDAO,PHNX
3024,Uniswap,UNI
3027,Unisocks,SOCKS
3033,Libertas Token,LIBERTAS
3034,mStable USD,MUSD
3038,Bridge Oracle,BRG
3048,Uptrennd,1UP
3050,AGA Token,AGA
3052,FIO Protocol,FIO
3053,Wing Finance,WING
3057,Hedget,HGET
3079,Solana,SOL
3081,nuco.cloud,NCDT
3086,Arweave,AR
3092,Based Money,BASED
3093,Pamp Network,PAMP
3097,Niftyx Protocol,SHROOM
3105,CHADS VC,CHADS
3107,pTokens BTC,PBTC
3114,Bitsonic,BSC
3117,LuaSwap,LUA
3127,cVault.finance,CORE
3128,Dify.Finance,YFIII
3129,OctoFi,OCTO
3131,Rio DeFi,RFUEL
3132,PlayDapp Token,PLA2
3133,TomoChain ERC-20,TOMOE
3134,Polkastarter,POLS
3138,Kompass,KOMP
3149,TrueBit,TRU
3154,Aave,AAVE
3155,Kirobo,KIRO
3157,DODO,DODO
3158,Wrapped ANATHA,WANATHA
3166,Polyient Games Governance Token,PGT
3173,Hathor,HTR
3176,AurusDEFI,AWX
3178,Dark.Build,DARK
3182,Venus,XVS
3197,PieDAO DOUGH v2,DOUGH
3198,yAxis,YAXIS
3204,yfBETA,YFBETA
3205,Rotten,ROT
3206,Dracula Token,DRC
3207,Non-Fungible Yearn,NFY
3210,DeFiner,FIN
3212,Digital Reserve Currency,DRC2
3219,Dego Finance,DEGO
3224,Rubic,RBC
3226,iYieldFarm,IYF
3229,Bidesk,BDK
3233,Tixl,TXL
3236,TON Crystal,TON2
3238,Alpha Finance,ALPHA
3239,Lunch Money,LMY
3240,PlotX,PLOT
3241,Baguette Token,BGTT
3252,DigiDinar Token,DDRT
3254,rcore.finance,RCORE
3257,ChartEx,CHART
3266,Small Love Potion,SLP
3267,Gala Token,GALA
3270,Pepemon Pepeballs,PPBLZ
3289,JustLiquidity,JUL
3292,Unistake,UNISTAKE
3293,Dev Protocol,DEV2
3296,Harvest Finance,FARM
3298,DeFi Pulse Index,DPI
3303,MILK,MILK2
3306,DEXTF Token,DEXTF
3311,Index Cooperative,INDEX
3315,Vox.Finance,VOX
3321,Zenfuse,ZEFU
3342,EasyFi v2,EZ
3349,RAMP,RAMP
3350,Swirge,SWG
3355,UniCrypt,UNCX
3359,PRIA,PRIA
3365,Chonk,CHONK
3366,Audius,AUDIO
3369,SYNC Network,SYNC
3371,UnFederalReserve Token,ERSDL
3376,Meme,MEME
3377,Near Protocol,NEAR
3378,Injective Protocol,INJ
3379,TitanSwap,TITAN
3384,Crust Network,CRU
3385,dHedge DAO,DHT
3397,CertiK,CTK
3400,RiveX Token,RVX
3405,Keep3rV1,KP3R
3417,Eauric,EAURIC
3421,UniLayer,LAYER
3424,Oraichain,ORAI
3433,Tatcoin,TAT
3435,WOO Network,WOO
3438,Pteria,PTERIA
3439,Keep4r,KP4R
3440,zzz.finance,ZZZ
3444,Gameswap,GSWAP
3450,LGCY Network,LGCY
3453,Atari,ATRI
3460,AllianceBlock,ALBT
3465,Axie Infinity,AXS
3468,Hard Protocol,HARD
3470,Linear.Finance,LINA
3472,Lattice Token,LTX
3480,SmartCredit Token,SMARTCREDIT
3481,Testa,TESTA
3487,Oasis Network,ROSE
3490,Beowulf,BWF
3493,Auric Network,AUSCM
3507,BarnBridge,BOND
3510,NuCypher,NU
3514,APY.Finance,APY
3516,UNION Protocol Governance Token (UNION Finance),UNN
3523,Neutrino USD,USDN
3530,UBIX Network,UBX
3535,SwapDEX,SDX
3541,Koinos,KOIN
3552,Axion,AXN
3555,Flow,FLOW
3556,CyberFi,CFI
3558,saffron.finance,SFI
3559,Governor DAO,GDAO
3570,e-Radix,EXRD
3577,Spore,SPORE
3583,ICHI,ICHI
3585,Alpha Token,A
3587,reflect.finance,RFI
3588,Finance Vote,FVT
3589,UniDex,UNIDX
3590,COVER Protocol,COVER
3598,Arrow,ARW
3601,Attention Mining,CLL
3602,LVX,LVX
3603,MOR,MOR
3605,Suterusu,SUTER
3607,Fuse Network Token,FUSE
3608,Fortune New Testament,YNTI
3609,Dagger,XDAG
3610,pulltherug.finance,RUGZ
3612,LOVE Coin,LOVE
3613,Klever,KLV
3614,JNTR/e,JNTR/e
3615,Coil Crypto,COIL
3616,ChallengeDAC,CHL
3617,CryptoWater,C2O
3618,Burger Swap,BURGER
3619,Action Coin,ACTN
3624,88mph,MPH
3627,Benchmark Protocol,MARK
3639,Muse,MUSE
3640,DexKit,KIT
3648,UniLend Finance,UFT
3649,Emporium.Finance,CEFI
3653,OPEN Governance Token,OPEN
3654,Carbon,CRBN
3660,API3,API3
3666,Unifi Protocol DAO,UNFI
3667,Anyswap,ANY
3669,Hegic,HEGIC
3672,Skale,SKL
3685,Value Liquidity,VALUE
3690,IDLE,IDLE
3692,Vision Token,VISION
3699,Badger DAO,BADGER
3701,Base Protocol,BASE
3702,Bifrost,BFC2
3705,Wrapped CrescoFin,WCRES
3713,AMP Token,AMP
3722,SmartKey,SKEY
3737,Bao Finance,BAO
3740,Efforce,WOZX
3745,Minter,BIP
3873,Merge,MERGE
3919,NairaX,NIRX
3941,YieldCredit,YLD
4191,inSure,SURE
4202,Super CoinView Token,SCV
4320,Escoin Token,ELG
4324,Yield App,YLDX
4330,Cord DeFi,CORD
4349,Streamix,MIXS
4353,Decentral Games,DG
4354,Hyve,HYVE
4359,Degens Token,DEGENS
4405,BigdataCash,BDCASH
4479,Coreto,COR
4566,GeoDB,GEO
4577,SuperRare,RARE
4647,TimeLockCoin,TYM
4680,PETROLEUM,OIL
4692,TokenPocket Token,TPT
4709,MEME CASH Token,MCH
4750,Donut,DONUT
5116,Digipharm,DPH
5229,The Movement,MVT
5784,NERVE,NRV
5854,IG Gold,IGG
5870,NerveNetwork,NVT
6018,PARSIQ,PRQ
6137,Hacken Token,HAI
6236,AmazingCoin,AMZ
6302,AnRKey X,ANRX
6321,KnoxFS,KFX
6445,Yoda,YODA
6485,Tokenlon,LON
6683,Cryptospot Token,SPOT
7035,DAO Maker,DAO
7167,Mirror Protocol,MIR
7172,DeXe,DEXE
7175,N3RD Finance,N3RDz
7176,Plasma Finance,PPAY
7179,Bondly Finance,BONDLY
7237,TornadoCORE,TCORE
7244,Bonded Finance,BOND2
7285,Unifty,NIF
7291,Rally,RLY
7317,Rari Governance Token,RGT
7335,Compound 0x,CZRX
7344,DogeFi,DOGEFI
7350,Unit Protocol Duck,DUCK
7391,Neutrino System Base Token,NSBT
7395,Uniris,UCO
7402,WHALE,WHALE
7407,MATH,MATH
7413,Mettalex,MTLX
7416,Nsure.Network,NSURE
7421,Perpetual Protocol,PERP
7430,REVV,REVV
7431,TrueFi,TRUFI
7437,Zyro,ZYRO
7439,ZeroSwap,ZEE
7444,XSGD,XSGD
7448,Meld Gold,MCAU
7452,Trustlines Network,TLN
7468,Governance ZIL,GZIL
7497,Wrapped UST Token,UST3
7525,MahaDAO,MAHA
7573,YVS.Finance,YVS
7588,DLP Duck Token,DUCK2
7589,Frax Share,FXS
7665,Frax,FRAX
7742,1inch,1INCH
7752,OnX Finance,ONX
7753,ankrETH,AETH
7763,DerivaDAO,DDX
7780,Marlin,POND
7781,Liquid Staked Ether,STETH
7782,Bonfida,FIDA
7783,SPICE,SPICE
7791,Royale Finance,ROYA
7796,DeFi Yield Protocol,DYP
7861,Whiteheart,WHITE
7909,Reef Finance,REEF
7921,DefiSocial,DFSOCIAL
7938,Exeedme,XED
7964,Shopping.io,SPI
7966,Trism,TRISM
7989,ScifiToken,SCIFI
7992,StaFi,FIS
8011,Wise,WISE
8030,The Graph,GRT
8064,Electra Protocol,XEP
8102,Juventus Fan Token,JUV
8104,Paris Saint-Germain Fan Token,PSG
8162,Shabu Shabu,KOBE
8258,YFDAI Finance,YF-DAI
8268,Prometeus,PROM
8280,ZKSwap,ZKS
8288,Lido DAO,LDO
8349,Cream ETH 2,CRETH2
8370,Atletico Madrid Fan Token,ATM
8377,Bitberry Token,BBR
8382,Zero Exchange,ZERO
8391,NFTX,NFTX
8410,ThreeFold Token,TFT
8411,Furucombo,COMBO
8412,Energy Ledger,ELX
8415,Passive.Income,PSI
8417,BITToken,BITT
8418,YOP,YOP
8422,Hydra,HYDRA
8467,Spartan Protocol,SPARTA
8476,Prophecy,PRY
8495,SOAR.FI,SOAR
8527,BiFi,BIFI2
8532,Poolz.Finance,POOLZ
8570,Verox,VRX
8680,Glitch Protocol,GLCH
8820,Aeternalism,AES
8849,PAID Network,PAID
8861,KlaySwap Protocol,KSP
8912,Terra SDT,SDT
8942,DIGG,DIGG
8970,Insured Finance,INFI
8998,Polkacover,CVR
9003,ARMOR,ARMOR
9004,Polyient Games Unity,PGU
9013,Bridge Mutual,BMI
9020,Interop,TROP
9031,Bitcicoin,BITCI
9035,Monster Slayer Share,MSS
9037,Metawhale Gold,MWG
9040,World Token,WORLD
9041,PancakeSwap,CAKE
9053,MobieCoin,MBX
9065,Freeway Token,FWT
9181,Juggernaut,JGN
9197,WINR,WINR
9326,WaykiChain Governance Coin,WGRT
9335,ECOMI,OMI
9364,WadzPay Token,WTK
9422,Helmet Insure,HELMET
9426,Freeliquid,FL
9565,Streamity,STM
9866,Opium,OPIUM
9867,Crowns,CWS
9875,SportX,SX
9876,SURF.Finance,SURF
9878,SafePal.io,SFP
9883,Opacity,OPCT
9886,JulSwap,JULD
9888,Akita Inu,AKITA
9889,Feed Every Gorilla,FEG
9907,Bounce Token,AUCTION
9909,DxSale Network,SALE
9915,Paint,PAINT
9926,Everest,ID
9928,Umbrella Network,UMB
9931,Filda,FILDA
9934,Tornado Cash,TORN
9942,Finxflo,FXF
9958,MetaWhale BTC,MWBTC
9966,ARTH,ARTH
10107,Quickswap,QUICK
10204,Young Boys Fan Token,YBO
10216,Wrapped BNB,WBNB
10220,Cubiex,CBIX
10250,Marginswap,MFI
10257,Team Heretics Fan Token,TH
10265,Kebab Token,KEBAB
10472,Istanbul Basaksehir Fan Token,IBFKFT
10476,Novara Calcio Fan Token,NOV
10507,Telos,TLOS
10654,Monster Slayer Cash,MSC
10687,PayRue,PROPEL
10718,xSUSHI,XSUSHI
10753,BakeryToken,BAKE
10830,AurusGOLD,AWG
10982,CoinMetro,XCM
11061,ACryptoS,ACS
11098,Dejave,DJV
11117,Ditto,DITTO
11717,Warp Finance,WARP
11863,GoCrypto,GOC
11870,Shield Protocol,SHIELD
11871,Premia,PREMIA
11880,Raydium Protocol,RAY
11882,Starname,WIOV
11889,Galactic Blue Index,GBI
11892,Simple Software Solutions,SSS
11893,Litentry,LIT2
11894,Ideaology,IDEA
11908,Fyooz NFT,FYZNFT
11912,Berry Data,BRY
11916,Vesper Finance,VSP
11919,PRCY Coin,PRCY
11923,HyperBurn,HYPR
11944,Launchpool,LPOOL
11949,Sifchain,EROWAN
11954,Bancor Governance Token,VBNT
11955,Scala,XLA
11963,Kangal,KANGAL
11977,HOPR,HOPR
11984,Polkamarkets,POLK
11986,Font,FONT
11987,100xCoin,100X
11998,Akash Network,AKT
12007,Alchemix,ALCX
12009,AntiMatter,MATTER
12014,Aurox Token,URUS
12016,Luxurious Pro Network Token,LPNT
12022,KeyFi Token,KEYFI
12024,Stacker Ventures Token,STACK
12027,BSCPAD,BSCPAD
12033,Agave,AGVE
12039,AC Milan Fan Token,ACM
12040,Galatasaray Fan Token,GAL
12041,Shadows,DOWS
12043,Trabzonspor Fan Token,TRA
12044,FC Barcelona Fan Token,BAR
12045,AS Roma Fan Token,ASR
12046,OG Fan Token,OG
12050,APYSwap,APYS
12053,Alpaca Finance,ALPACA
12057,Covalent,CQT
12058,Unido EP,UDO
12089,hoge.finance,HOGE
12108,Multiplier,BMXX
12112,Ethernity Chain,ERN
12114,CHOW CHOW,CHOW
12137,Argon,ARGON
12183,Aavegotchi,GHST
12186,Belt,BELT
12194,Shopping.io Governance,GSPI
12195,HAPI,HAPI
12201,Modefi,MOD
12202,WanSwap,WASP
12204,Dark.Build,DB
12208,APOyield,SOUL2
12209,Mute,MUTE
12212,Pig Finance,PIG
12226,SnowBall Token,SNOB
12235,Wrapped Equilibria,WXEQ
12236,Aluna.Social,ALN
12242,SafeMoon,SAFEMOON
12254,LABS Group,LABS
12256,Poodl Token,POODL
12263,Symbol,XYM
12288,DaftCoin,DAFT
12289,Beefy.Finance,BIFI
12295,Mu Dank,DANK
12321,Kiwigo,KGO
12324,Safemars,SAFEMARS
12333,Wall Street Baby,BWSB
12350,Taraxa,TARA
12352,GraphLinq Protocol,GLQ
12357,DEFISocial (BEP-20),BDFSOCIAL
12383,Olympus,OHM
12389,CUE Protocol,CUE
12391,Internet Computer,ICP
12396,Starname,IOV
12397,Bitsmael,BITM
12398,Xend Finance,XEND
12407,Casper Network,CSPR
12422,SafeBitcoin,SAFEBTC
12423,ROOK,ROOK
12432,Wall Street Baby,WSB
12434,Shyft Network,SHFT
12450,Defi For You,DFY
12457,Cope,COPE
12458,Fei Protocol,FEI
12464,Unmarshal,MARSH
12468,RougeCoin,XRGE
12478,Vancat,VANCAT
12491,Cook Protocol,COOK
12504,Strike,STRK
12513,Seedify.fund,SFUND
12516,ZilSwap,ZWAP
12518,Persistence One,XPRT
12531,MacaronSwap,MCRN
12535,Penguin Finance,PEFI
12548,Liquity,LQTY
12549,8Pay,8PAY
12558,TotemFi,TOTM
12566,Cryptonovae,YAE
12579,Boson Protocol,BOSON
12601,Professional Fighters League Fan Token,PFL
12603,Oction,OCTI
12604,DEEPSPACE,DPS
12605,Autofarm,AUTOv2
12606,Dark Matter,DMT2
12607,Bitcashpay,BCP3
12608,Slinky Pro,INK2
12613,Hugo Finance,HUGO
12616,Mobox,MBOX
12627,BasketCoin,BSKT
12647,Revomon,REVO
12652,MoonRat,MRAT
12657,Vulcan Forged,PYR
12660,Mango Markets,MNGO
12661,Revolution Populi,RVP
12687,Mina Protocol,MINA
12723,zilSurvey,SRV
12724,Review Capital,RECAP
12727,Elons,ELONS
12729,PackagePortal,PORT
12739,Horizon Protocol,HZN
12741,Hummingbird Finance,HMNG
12747,Kattana,KTN
12770,Munch Token,MUNCH
12779,SuperLauncher,LAUNCH
12783,Unizen,ZCX
12788,disBalancer,DDOS
12793,Bingo Cash,BGO
12795,Roul Token,ROUL
12806,EarnX,EARNX
12811,Copiosa Coin,COP
12812,Dragonball Finance,DBALL
12814,ElonGate,ELONGATE
12839,PooCoin,POOCOIN
12855,CumRocket,CUMMIES
12871,Vira-lata Finance,REAU
12884,Bingo Share,SBGO
12892,ZEXSWAP Token,ZEX
12901,Baby Doge Coin,BABYDOGE
12916,Icarus,ICA
12918,PEACOCKCOIN,PEKC
12919,Havens Nook,HXN
12925,Kishu Inu,KISHU
12928,Twinci,TWIN
12937,LEASH,LEASH
12941,Hokkaidu Inu,HOKK
12972,Xfit,XFIT
12975,Australian Safe Shepherd,ASS
12977,Aquagoat,AQUAGOAT
12979,Frenchie Token,FREN
12982,SnowgeCoin,SNOWGE
12987,BXH,BXH
13012,Ampleforth Governance Token,FORTH
13016,BasenjiDAO,BSJ
13019,Chopsticks Protocol,STIX
13026,Obortech,OBOT
13036,Pika Finance,PIKA
13045,CreamPYE,PYE
13050,1Tronic Network,1TRC
13078,Saito,SAITO
13079,AFEN Blockchain,AFEN
13081,Dogelon Mars,ELON
13082,BSC Station,BSCS
13083,AurusSilver,AWS
13088,Hord,HORD
13096,Step Finance,STEP
13103,Synthetify Token,SNY
13104,Waultx,WAULTX
13112,Vulkania,VLK
13113,Dog Owner,DOGOWN
13148,Labra Finance,LABRA
13153,Smaugs NFT,SMG
13166,Dogey-Inu,DINU
13176,NICHEMAN,NICHEMAN
13192,Moonshot,MOONSHOT
13222,DOGGY,DOGGY
13229,Secured MoonRat Token,SMRAT
13231,Useless Token,USELESS
13245,My DeFi Pet,DPET
13271,BlockBank,BBANK
13280,Own a FRACTION,FRACTION
13282,Standard Protocol,STND
13297,Golden Duck,GOLDUCK
13337,Altura,ALU
13340,MoonStar Token,MOONSTAR
13344,Universidad de Chile Fan Token,UCH
13347,Media Network,MEDIA
13348,Fair Safe,FSAFE
13353,420X,420X
13361,PolyDoge,POLYDOGE
13373,Life Token,LTN
13374,Verso,VSO
13380,LOCGame,LOCG
13430,XCAD Network,XCAD
13431,Pitbull,PIT
13442,Pussy Financial,PUSSY
13446,Equilibria,XEQ
13465,RedPanda Earth,REDPANDA
13477,Sanshu Inu,SANSHU
13510,Uno Re,UNO
13686,LokumToken,LKM
13779,HyperAlloy,ALLOY
13785,Raptor Finance,RAPTOR
13788,ShibaPup,SHIBAPUP
13802,Williecoin,WILLIE
13851,Aerotyne,ATYNE
13855,Hanzo Inu,HNZO
13873,Arigato,ARIGATO
13893,New Guinea Singing Dog Inu,NEWINU
13914,Jomon Shiba,JSHIBA
13921,Keanu Inu,KEANU
13923,Sakhalin Husky,SAHU
13939,Loser Coin,LOWB
13940,PolyFi,POLYFI
13942,QuickChart,QUICKCHART
13947,Kabosu Token,KABOSU
13980,Peanut,NUX
13981,DeFi of Thrones,DOTX
14001,Pangolin,PNG
14019,CleanOcean,CLEAN
14020,Moochii,MOOCHII
14022,Melody,MELODY
14029,Deez Nuts,DEEZNUTS
14041,Jejudoge,JEJUDOGE
14056,Avalaunch,XAVA
14069,Moonboys ,MBS
14072,Papa Shiba,PHIBA
14073,StrikeCoin,STRIKE
14075,BONFIRE,BONFIRE
14085,ArGo App,ARGO
14086,TeraBlock,TBC
14087,AstroPup,ASTRO2
14090,Manchester United Fan Token,MUFC
14120,Roseon Finance,ROSN
14150,ShibaCash,SHIBC
14163,Moon Pug,MOONPUG
14165,Papillon,PAPI
14223,Koda,KODA
14227,Relite Finance,RELI
14240,YooShi,YOOSHI
14241,Zoo Token,ZOOT
14242,SpaceGrime,GRIMEX
14288,Kai Inu,KAIINU
14305,Pomskey,PM
14306,Moon Owl,MOWL
14351,PolyZap,PZAP
14363,NFTb,NFTB
14410,TEN Finance,TENFI
14416,Buhund Coin,BUHUND
14467,Green Shiba Inu,GINU
14468,Chihuahua,HUA
14469,PathFund,PATH
14470,Chumhum Finance,CHUM
14480,LunaDoge,LOGE
14490,STOPELON,STOPELON
14512,Investin,IVN
14515,CluCoin,CLU
14529,Jarvis Synthetic Euro,JEUR
14530,Jarvis Synthetic Swiss Franc,JCHF
14531,Jarvis Synthetic British Pound,JGBP
14547,Solrise Finance,SLRS
14553,PolyCake Finance,PCAKE
14573,Honest,HTY
14580,Raku Coin,RAKUC
14635,Jigstack,STAK
14653,CATECOIN,CATE
14655,ACoconut,AC
14672,Kawakami Inu V2,KAWA
14679,Siqqe,SIQQE
14680,Cum Inu,CUMINU
14683,ApeSwap,BANANA
14684,Token War Game,TWG
14685,Sustainable Energy Token,SET3
14698,SMEGMARS ,SMGM
14708,Sperax,SPA
14709,Nercoin,NERC
14710,Whale Killer Token,WHKLR
14711,Polkally,KALLY
14712,Solanium,SLIM
14713,Society of Galactic Exploration,SGE
14716,Dotmoovs,MOOV
14718,BitPal,BTP
14722,Wyvern Token,WYVERN
14724,Kalmar,KALM
14727,Pizza Swap Token,PIZZA2
14728,WinFinity,WFN
14733,Museum of Crypto Art,MOCA
14734,AurusPLATINUM,AWP
14735,Matador Token,MTDR
14736,Supersonic Finance,SSN2
14737,Yell,YELL
14738,LaunchZone (BSCEX),BSCX
14739,BscArmy,BARMY
14740,SWASS Finance,SWASS
14741,Kommunitas,KOM
14753,Nftfy,NFTFY
14756,SHIBAII,SHIBAII
14757,Baby Shark,SHARK2
14759,Impermax Finance,IMX
14760,Moms I'd Like to Fund,MILF2
14761,MOONCLONE,MOONCLONE
14762,Dark Magic,DMAGIC
14763,Drax,DRAX
14797,Complus Network,COM2
14798,Super Shiba Token ,SSHIBA
14799,DefyDefi,DEFY2
14837,Ternoa,CAPS
14840,Caramel Swap,MEL2
14841,Bulldoge,BULLDOGE
14843,Chcoin,CHC2
14844,Space Token,SPACE
14847,OccamFi,OCC2
14851,Spell Token,SPELL
14852,Pixcoin,PIXC
14853,PolyStarter,POLR
14860,Gravity Finance,GFI
14865,SafeMeme,SME
14872,Moonlight Token,MOONLIGHT
14883,Passive Income Bot,PIB2
14885,Protocol Finance,PFI
14886,Bolt Share,BTS3
14887,Bolt Dollar,BTD2
14892,Vanity,VNY
14900,CrazyTime,CRAZYTIME
14904,VIMworld,VEED
14916,B-cube.ai,BCUBE
14927,SpaceRat,SRAT
14928,Kenny Token,KENNY
14933,SkyBornBSC,SKYBORN
14935,Lyptus Token,LYPTUS
14950,Alaskan Malamute Token,LASM
15045,Rielcoin,RIC
15046,MoonLift Protocol,MLTPX
15067,Cultivated Finance,CULT
15108,Game Of DeFi,GOD3
15109,EthereumMax,EMAX
15111,TEST_DO_NOT_BUY,TEST
15112,Roxe,ROC
15113,FID TOKEN,FID
15114,Safecare,UCARE
15115,Space,SPACE2
15116,Newb Token,NEWB2
15117,AINU TOKEN,AINU
15118,PEBBLE,PEBBLE
15119,HyperCoin,HC2
15122,Levin,LEVIN
15123,Yayo Coin,YAYO
15144,Amplify Token,AMPT
15145,Yu Coin,YUCJ
15155,Moonbeam,GLMR
15156,Potluck Protocol,PTLKX
15177,Planet Finance,AQUA
15180,SuperFarm,SUPER2
15193,PolyGold,POLYGOLD
15199,SUPER MISSION,SPMN
15201,Broke Coin,BRKC
15202,Brigadeiro.Finance,BRIGADEIRO
15204,Edgeware ,EDG2
15235,Phuture,PHTR
15241,SafeMoon Inu,SMI
15292,Saitama,SAITAMA
15303,Collective,CO2
15304,Shiba Fantom,SHIBA
15306,Supermoon,OSM
15308,ZooCoin,ZOO2
15315,Tinku,TINKU
15317,My?bu ,MYOBU
15322,Shiba Ramen,SHIBARAMEN
15323,UltraSafe,ULTRA3
15380,AquaPig,AQUAPIG
15381,Veterans Recognition Crypto Currency,VRC2
15408,Tokyo AU,TOKAU
15412,NFT TONE,TONE
15417,SolarWind Token,SLW
15418,ShibaIndex,SHIBA2
15421,Jiffpom,JIFF
15429,Nobu Inu,NOBU
15440,DINGO,DINGO
15441,CryptoCandy,SWEETS
15442,SHIBA GENERAL,SHIBG
15450,King Arthur,BKING
15452,Xido Finance,XIDO
15455,Green Doge Token,GREENDOGE
15458,Trump Inu,TRUMPINU
15466,Nickel,NICKEL
15491,SWAPP PROTOCOL,SWAPP
15494,Polychart,PCHART
15500,Plenty Defi,PLENTY
15507,PornRocket,PORNROCKET
15541,Safetrees,TREES
15554,Hanu Yokia,HANU
15573,ElonPeg,ELONPEG
15581,Sportemongo,SGO
15585,SafeHold,SAFEHOLD
15589,FaraLand,FARA
15592,Night Life Crypto,NLIFE
15595,WEXPOLY,WEXPOLY
15596,UrGaming,URG
15600,Nafty,NAFTY
15623,Mambo,MAMBO
15625,Chainswap,CSWAP
15629,Infiniti Token,INTO
15630,Shiba Chocolate,SHOCO
15632,DoggyStyle,DSTL2
15634,Douc.finance,DOUC
15637,CREDEFI ,CREDI
15638,Ryoshi Token,RYOSHI
15639,Akuma Inu,AKUMA
15640,Shiberus Inu,SHIBERUS
15641,SteamPunkDog,SPD2
15642,PANDAMOGO,PAND2
15643,Animal Shelter Support Cash,ASSCASH
15644,Station X1,XONE
15647,Saiyan Inu,SAYAN
15685,MESSI,MESSI
15705,Ysoy,YSOY
15723,yTOFU,YTOFU
15727,MoonKitties,MEOW
15742,NFTBOOKS,NFTBS
15745,Polkadog,PDOG
15750,My Little Porny,MLPY
15758,Binamon,BMON
15759,Community Loving Internet Token,CLIT2
15762,WalletNow,WNOW
15778,Foliowatch,FWATCH
15779,PussyCredit,PUSSC
15780,Shill Bill,SB
15783,MooneyCoin,MOO
15798,Chainge,CHNG
15799,CyberTime Finance,CTF
15801,QAO,QAO
15808,TomorrowWontExist,TWE
15815,Doge-1 Rocket,D1R2
15830,KingKong,KONG2
15831,Octopus Protocol,OPS
15832,Bitfresh,BFT2
15833,STRAINZ NFT,STRAINZ2
15835,Gaza Token,GAZA
15836,ToolApe,TAPE
15837,XPOOL,XPO
15842,KeifCoin,KEIF
15849,WolfSafePoorPeople,WSPP
15859,TruBadger,TRUBGR
15901,MaticPad,MATPAD
15907,aiRight,AIRI
15913,Manga Token,MANGA
15915,Cake Monster,MONSTA
15941,Catena Protocol,CTENA
15942,SpiritSwap,SPIRIT
15947,FYDcoin,FYD
15949,fBOMB,FBOMB
15950,XGOLD,XGOLD
15956,NFT Smart Coin,NFT
15981,Oreo Defi Finance,ORE2
15982,Bitspawn,SPWN
16000,Aries Financial,AFIB
16017,GROND,GROND
16018,SpritzMoon Crypto Token,SPRITZMOON
16039,BoringDAO,BORING
16060,Laika Protocol,LAIKA
16073,Veteran Token,VET2
16074,Rocket Bunny,BUNNY
16084,Attrace,ATTR
16104,TribeOne,HAKA
16110,Dink Doink,DINK
16127,Robust Token,RBT
16129,Betoshi,BETO
16141,SolanaSail,SAIL
16149,Floki Inu,FLOKI
16158,SHIBA RISE,SHIBARISE
16181,POLKADOGE,PDOGE
16280,Sparda Wallet,SPW
16281,CRYPTO MESSIAH,CRYPTOM
16282,Artex,ARTEX
16285,MUSIC TOKEN,MTU
16290,Eelonmusk,EOM
16291,IvoryGate ,IVORY
16292,RoboFi,VICS
16293,Crystl Finance,CRYSTL
16331,xDiamond,XDM
16332,Mask Network,MASK
16333,BestDealsToken,BDT
16341,Inari,INARI
16363,StarLink,STARL
16368,InfluenceHub,INFLHUB
16371,OLYMPUS token,OLYMPUS
16372,Obligr,OIPL
16373,Rize Above Evolution,RZE
16374,ApeTroop,TROOP
16396,JustMoney,JM
16399,Boring Protocol,BOP
16410,HUP.LIFE,HUP
16412,Token Revolution,TKREV
16413,MiniDOGE,MINIDOGE
16418,ERRROR,ERRR
16419,Sphynx Network,SPH
16444,Leonicorn Swap,LEOS
16445,Aston Martin Cognizant Fan Token,AM
16447,trollbox,TOX
16451,Floki Shiba,FSHIB
16452,Canada Coin,CADA
16454,Million,MM
16455,DeFi Investment Fund,DIF
16456,TOGO INU,TOGO
16457,Pride Doge,PDOGE2
16473,Refugees Token,RFG
16491,ZilWall Paint,ZPAINT
16512,Naxar,NAXAR
16531,Protect Our Planet,POP2
16532,SafeDoge,SAFEDOGE
16542,TheMysteryToken,MYSTERY
16543,Exip,EXIP
16544,BLACKHOLE INU ,BINU
16552,HoneyX,HONEYX
16564,Proto Gold Fuel,PROTO
16583,Score,SCO
16584,CARBON,CARB
16585,ZilStream,STREAM
16586,ZilPay Wallet,ZLP
16587,ZilChess,ZCH
16588,RedChillies,REDC
16589,ZilFlip,ZLF
16590,GARY,GARY
16591,DuckDuck,DUCK3
16592,TerraUSD,UST
16602,ChainCade,CHAINCADE
16607,PoliceDOGE,POLICEDOGE
16626,EverRise,RISE
16627,SHAHTOKEN,ST
16636,Lanceria, LANC
16680,GODL,GODL
16691,Pool Party Finance,MSC2
16754,Shards,SHARDS
16755,ZilWall,ZWALL
16756,Glizzycoin,GLIZZY
16757,GMR Finance,GMR
16764,HODL,HODL3
16765,CorgiQ,CORGIQ
16766,Coin of Nature,CON
16767,Kermit Finance,KERMIT
16770,President Doge,PRESIDENTDOGE
16785,Add.xyz,ADD
16786,Mdex,MDX2
16800,Vai,VAI
16801,Goose Finance,EGG
16802,xToken,XTK
16803,PEAKDEFI,PEAK
16804,AceD,ACED
16812,Coin98,C98
16819,OMNI - People Driven,OMN
16830,DogeBTC,DOGEBTC
16833,Ape Moon,APE
16835,SNK,SNOOK
16836,Bunicorn,BUNI
16837,POFY Coin,POFY
16846,Bubba,BUBBA
16853,Slinky Doge,SlinkyDoge
16854,Crying Jordan ,JORDAN
16855,Eloin,ELOIN
16856,BNBPay,BPAY
16864,Blastoff Finance,BLAST
16865,PolkaCipher,CPHR
16868,Shifu Inu,SHIFU
16869,Position Token,POSI
16872,Pepe Army,PEPE2
16873,IRON Titanium Token ,TITAN2
16897,Pear,PEAR
16898,KEYS,KEYS
16904,FlokiLINK,FLINK
16905,DOPEX,DPX
16906,WEX,WEX
16924,DYOR,DYOR
16925,SharkToshi,SHARK3
16957,Omni Real Estate Token,ORT
16958,Yield Protocol,YIELD
16959,Vortex Defi,VTX
16965,hoge.finance (BEP20),HOGE(BEP20)
17027,Minimals,MMS
17044,GreenFEG,GREENFEG
17045,Beyondsy INU,BEYONDSY
17046,ZoidPay,ZPAY
17047,HODL 2.0,HODL2
17048,CropperFinance ,CRP
17052,Egyptian MAU,MAU
17053,Baby Bake,BABYBAKE
17054,Alkimi,ADS2
17097,Oxbull Solana,OXS
17099,Future,FTR
17101,KittyCake,KCAKE
17103,CoinBurp,BURP
17106,Bone ShibaSwap,BONE
17107,Bone ShibaSwap-IGNORE,BONESHIBAIGNORE
17114,Kaafila,KFL
17118,Securion,SEC
17119,Sterobot,SBT
17121,Splinterlands,SPS
17178,Childrens Token,CTN
17179,Crypto ZOON,ZOON
17180,Permission Coin,ASK
17203,Safe Trip Finance,STF
17211,My Neighbor Alice,ALICE
17217,Pornstar,STAR2
17224,MoonEdge,MOONED
17226,YoCoin,YOCO
17229,Psycho Doge,PSYCHODOGE
17236,KogeCoin,KOGECOIN
17257,Baby Whale Token,BWT2
17297,BearHunt,BHUNT
17304,Hertz Network,HTZ
17319,SCHNOODLE,SNOOD
17333,Dexlab,DXL
17369,Baby Trump Token,BABYTRUMP
17395,CardanoEvo,CEVO
17425,FlavonoidsToken,FLV
17426,Smartlink,SMAK
17427,Chronic Token,CHT2
17428,BabySun,BABYSUN
17433,ShibaETH,SHIBAETH
17481,CarbonZero,CZO
17500,Defi Factory Token,DEFT
17501,BabyCrypto,BABYCRYPTO
17525,Trava Finance,TRAVA
17554,JOE,JOE
17557,TORG,TORG
17603,Gigabyte Games,GGG
17607,SOWL Token,SOWL
17608,Just Another Shitcoin,SHITCOIN
17611,BabySafeMoon,BSFM
17666,hi Dollar,HI
17667,Waiv,WAIV
17668,DNAxCAT Token,DXCT
17671,Orca,ORCA
17676,Kitsune Inu,KITSU
17685,Story,STORY
17690,Sister In Law,SIL
17698,Memenopoly Money,MNOP
17717,MoonBear Finance,MBF
17721,Futureswap,FST2
17722,HubStar,HUBS
17723,ONYX,ONYX
17726,GreenZoneX,GZX
17734,Frosted Cake,FROSTEDCAKE
17761,DAIKOKUTEN SAMA,DKKS
17833,Gallant,GAL
17837,Fibswap,FIBO
17838,Mother Of Memes,MOM
17839,The RIO,DRIO
17840,Shibance Token,SHIBANCETOKENS
17841,Shibance Token,WOOF
17855,Rhythm,RHYTHM
17865,MyFriends,MYFRIENDS
18026,Spherium,SPHRI
18043,YDragon,YDR
18064,StepHero,HERO
18066,SideShift Token,XAI
18067,PolyPlay,PLAY2
18068,SpookySwap,BOO
18069,GamyFi Token,GFX
18097,Omni Consumer Protocols,OCP
18148,Beach Token,BEACH
18171,Saber,SBR
18179,Qredo,QRDO
18180,Shibavax,SHIBX
18191,ROTTSCHILD,ROTTSCHILD
18241,Kanaloa,KANA
18246,EverETH,EVERETH
18268,Lumenswap,LSP
18271,BankRoll,BANKR
18272,Mandala Exchange,MDX 
18273,SolanaSail Governance Token,GSAIL
18297,OnlyNFTs,ONFTS
18315,LADYBUG FINANCE,LADYB
18316,Ulti Arena,ULTI
18318,MintySwap,MINTYS
18319,Aldrin,RIN
18353,SavePlanetEarth,SPE
18354,PARADOX NFT BSC,PXBSC
18355,Virtue Poker,VPP
18357,StorX Token,SRX
18358,HAMSTER,HAM
18359,S.C. Corinthians Fan Token,SCCP
18360,StackOS,STACK2
18361,Beer Inu,BEER
18377,Moonriver,MOVR
18394,Zenccoin,ZENC
18425,BitBucks,BITBUCKS
18449,Avakus,AVAK
18455,vEmpire DDAO,VEMP
18472,Sing Token,SING
18497,Lithium Finance,LITH
18498,Caliente Finance,CAL
18499,Retreeb,TREEB
18500,PumpETH,PUMPETH
18501,The Truth,UFO2
18502,KILT Coin,KILT
18503,BABYARABIA,BABYARABIA
18504,WEYU,WEYU
18506,Vpunks,VPU
18507,Cryption Network,CNT
18508,Gain Protocol,GAIN
18509,ExArePee,EXP
18510,Reverse,RVRS
18520,Merge (BEP-20),MERGE-BEP20
18538,Genesis Pool,GPOOL
18540,Astro Protocol,ASTRO
18541,ODIN Protocol,ODIN
18564,ZooKeeper,ZOO
18581,MyPetSocial,MPS
18583,Integral,ITGR
18586,Boost,BOOST
18587,BitBucks Swap,BBSWAP
18594,Zilliqa Index,ZILLEX
18595,Consult Coin,CONSULT
18598,United DEX Index,UNIDEX
18601,Theos,THEOS
18602,Sunny Aggregator,SUNNY
18610,IX Swap,IXS
18615,JEDSTAR,JED
18616,ShibaWater,SWATER
18623,Betu,BETU
18646,Dinheirus.Cash,DICASH
18647,Ape In,APEIN
18650,LOFI-DEFI,LOFI
18653,POP Network Token,POP2
18654,Defi Warrior,FIWA
18655,Tiki Token,TIKI
18656,Saylormoon,SMOON
18663,StarMon Token,SMON
18665,ShapeShift FOX Token,FOX
18666,Legal LEAF,LEAF
18702,FireZard,ZARD
18703,1QUAD,QD
18734,MiamiCoin,MIA
18741,DOGEMOON,DGMOON
18748,MaskDoge,MASKDOGE
18753,Fungie DAO,FNG
18758,UFO Gaming,UFO3
18759,Polylauncher,ANGEL
18760,BEUROP,BEPR
18761,SafeEarn,SAFEARN
18762,Trias,TRIAS
18773,Inter Milan Fan Token,INTER
18796,Binemon,BIN
18797,Only1,LIKE3
18801,Matrixswap,MATRIX
18821,Avaxlauncher,AVXL
18827,PELE Network,PELE
18831,Unifees,FEES
18832,Yateem,YMT
18836,Circuit Elite,CRCTE
18873,DELL JO,DJL
18878,Tokel,TKL
18889,RivrDoge,RIVRDOGE
18898,Valencia CF Fan Token,VCF
18911,Realm,REALM
18919,HashBit,HBIT
18927,PlanetWatch,PLANETS
18941,LittleLink,LCL
18944,Lido Staked SOL,STSOL
18947,Elk Finance,ELK
18951,Debt Free Token,DEBTFREE
18962,FNDZ,FNDZ
18966,INPA Coin,INPA
18978,Vegaswap,VGA
18982,Dog Collar,COLLAR
19000,Genie Token,GENIETOKEN
19008,Sperax,SPA
19050,Superfuel,SFUEL
19068,Thetan Arena,THG
19086,INSUROBO,INSR
19105,Black Lemon,BOM
19107,Block Ape Scissors,BAS
19108,CryptoZoo,ZOO6
19156,UnityVentures,UV
19175,Whale Exploder,WHEX
19208,Aleph Zero,AZERO
19211,RELAY,RELAY
19212,Squeeze Token,SQUEEZE
19233,Metahero,HERO3
19234,Gick,Gick
19235,Octaplex Network,PLX
19236,Main Street,MAINST
19237,Flurry Finance,FLURRY
19238,iBAN COIN,IBAN
19255,ArchAngel Token,ARCHA
19285,Life Crypto,LIFE
19289,Galaxy Heroes Coin,GHC
19306,Koinomo,KMO
19322,Manchester City Fan Token,CITY
19326,Opulous,OPUL
19330,Mars Dollar Token,MDT2
19348,UFC Fan Token,UFC
19349,Argentine Football Association Fan Token,ARG
19350,Portugal National Team Fan Token,POR
19356,Alfa Romeo Racing ORLEN Fan Token,SAUBER
19357,Natus Vincere Fan Token,NAVI
19358,Gztepe S.K. Fan Token,GOZ
19359,Club Atletico Independiente Fan Token,CAI
19360,Apollon Limassol Fan Token,APL2
19361,?stanbul Ba?ak?ehir Fan Token,IBFK
19362,Legia Warsaw Fan Token,LEG
19363,Team Vitality Fan Token,VIT
19364,Fortuna Sittard Fan Token,FOR
19365,Clube Atltico Mineiro Fan Token,GALO
19366,Levante U.D. Fan Token,LEV
19367,Roush Fenway Racing Fan Token,ROUSH
19368,Leeds United Fan Token,LUFC
19369,Arsenal Fan Token,AFC
19370,Everton FC Fan Token,EFC
19371,Aston Villa Fan Token,AVL
19372,Socios United Fan Token,SSU
19374,Kawai Shiba,KSHIBA
19376,Idexo IDO,IDO
19386,Paint Swap,BRUSH
19462,DeFi Land,DFL
19464,RealFevr,FEVR
19465,DogeZero,DOGE0
19472,Digital World Travel,DIWOT
19489,MakiSwap,MAKI
19490,GRAVITOKEN,GRV
19550,BLOX,BLOX
19551,DeMonz,DMZ
19555,Chocolate Stablecoin,FRANC
19556,Zilliqa NFT Index,NFTDEX
19561,CroxSwap,CROX
19576,DePo Token,DEPO
19585,The Simpsons Crypto,SIMPSONS
19593,Bogged Finance,BOG2
19602,Sonic,SONIC
19613,DoubleDice,DODI
19614,Revival,RVL
19617,Holdex Finance,HOLDEX
19665,Star Atlas,ATLAS
19667,Star Atlas DAO,POLIS2
19668,Gamestarter,GAME3
19669,DARK,DARK7
19670,NIFT,NIFT
19671,MasterChef2,MASTERCHEF2
19720,Less Network,LESS 
19721,FOMO BABY,FOMOBABY
19722,TheCurator,CUR
19727,tudaBirds Token,TBIRD
19745,Anchor Protocol,ANC3
19746,Pylon Protocol,MINE
19747,StarTerra,STT
19756,OculusX,OSX
19757,Kripto Galaxy Battle,KABA
19758,Lilcoin,LIL2
19763,Orion Money,ORION
19764,AccessLauncher,ACX
19775,Promodio,PMD3
19788,Saolacoin,SAOLA
19797,AirNFTs,AIRT 
19840,Polytrade,TRADE2
19853,XXT-Token,XXT
19893,BODA,BODAV2
19905,Bloktopia,BLOK2
19906,Kawaii Token,KWT
19940,Finn,FINN
19961,NFTY Token,NFTY
19971,Flux Token,FLUX3
19981,CryptoBulls,CBT4
19982,TacoCat Token,TCT3
19983,Tendon Token,TEND2
19995,Globiance Token,$GBEX
20035,Litedex,LDX
20096,Revault,REVA
20100,Marvinomics,MARV
20123,CatenaX,CEX
20125,Transient,TSCT
20128,DXBPay,DXB
20129,Quarashi Network,QUA2
20130,GMX,GMX4
20134,Project Oasis,OASIS
20168,DefiSportsCoin,DSC
20173,Token,TOKN
20174,Shed Token,SHED
20178,ForeverBNB,FBNB
20188,HydroLink,HLINK
20207,Bezos Coin,BZSC
20209,Baby Floki Coin,BABYFLOKICOIN
20220,Flare Token,1FLR
20245,MrGrandPaDoge,MRBTC
20247,Doge Cash,DCH
20248,2kFinance,TWOK
20249,SpaceVikings,SVT
20250,Evelyn,EVE
20253,KOKA INU,INU
20306,DRIVENx,DVX
20323,Wonderland,TIME2
20333,Lunr,LUNR
20344,Token42,T42
20347,Oxygen,OXY
20360,Valkyrie Protocol,VKR
20363,Lazio Fan Token,LAZIO
20388,Senshi Inu,SENSHI
20441,PokerMania,POKERMANIA
20473,TerraFloki,TFLOKI
20479,MELONx,MLNX
20480,FANG Token,FANG
20507,Aurory,AURY
20511,Vinsmoke Sanji Inu,VINSMOKESANJI
20555,Doge Army Token,DGAT
20557,Berserk Inu,BERSERK
20632,Flamengo Fan Token,MENGO
20647,Xfinite Entertainment Token,XET2
20648,Smile Coin,SMILE
20673,SquidGameToken,SGT
20674,Fenerbahe Token,FB
20675,Sint-Truidense Voetbalvereniging Fan Token,STV
20676,Aytemiz Alanyaspor Fan Token,ALA
20677,Spectrum Token,SPEC
20678,Terra Land,TLAND
20709,Ice Token,ICE
20718,InsurAce,INSUR
20782,Fuzz Finance,FUZZ2
20783,Anunnaki,AKI
20791,Blueberry Network,BLUEBERRY
20800,BurkaDuge,BDUGE
